[25-Jan-2026 12:05:14 UTC] send_command_form exécutée
[25-Jan-2026 12:05:14 UTC] send_command_form exécutée
[25-Jan-2026 12:05:28 UTC] send_command_form exécutée
[25-Jan-2026 13:12:52 UTC] send_command_form exécutée
[25-Jan-2026 13:12:54 UTC] send_command_form exécutée
[25-Jan-2026 13:14:31 UTC] send_command_form exécutée
[25-Jan-2026 13:14:33 UTC] send_command_form exécutée
[25-Jan-2026 13:14:51 UTC] send_command_form exécutée
[25-Jan-2026 13:14:53 UTC] send_command_form exécutée
[25-Jan-2026 13:16:07 UTC] send_command_form exécutée
[25-Jan-2026 13:16:09 UTC] send_command_form exécutée
[25-Jan-2026 13:16:09 UTC] send_command_form exécutée
[25-Jan-2026 13:16:27 UTC] send_command_form exécutée
[25-Jan-2026 13:16:28 UTC] send_command_form exécutée
[25-Jan-2026 13:18:54 UTC] send_command_form exécutée
[25-Jan-2026 13:18:56 UTC] send_command_form exécutée
[25-Jan-2026 13:18:56 UTC] send_command_form exécutée
[25-Jan-2026 13:23:22 UTC] send_command_form exécutée
[25-Jan-2026 13:23:22 UTC] send_command_form exécutée
[25-Jan-2026 13:26:47 UTC] send_command_form exécutée
[25-Jan-2026 13:26:47 UTC] send_command_form exécutée
[25-Jan-2026 13:26:54 UTC] send_command_form exécutée
[25-Jan-2026 13:26:54 UTC] send_command_form exécutée
[25-Jan-2026 13:27:11 UTC] send_command_form exécutée
[25-Jan-2026 13:27:13 UTC] send_command_form exécutée
[25-Jan-2026 13:27:44 UTC] send_command_form exécutée
[25-Jan-2026 13:27:46 UTC] send_command_form exécutée
[25-Jan-2026 13:29:07 UTC] send_command_form exécutée
[25-Jan-2026 13:29:07 UTC] send_command_form exécutée
[25-Jan-2026 13:30:33 UTC] send_command_form exécutée
[25-Jan-2026 13:30:33 UTC] send_command_form exécutée
[25-Jan-2026 13:33:35 UTC] send_command_form exécutée
[25-Jan-2026 13:33:35 UTC] send_command_form exécutée
[25-Jan-2026 13:34:03 UTC] send_command_form exécutée
[25-Jan-2026 13:34:03 UTC] send_command_form exécutée
[25-Jan-2026 13:35:05 UTC] send_command_form exécutée
[25-Jan-2026 13:35:05 UTC] send_command_form exécutée
[25-Jan-2026 13:35:10 UTC] send_command_form exécutée
[25-Jan-2026 13:35:38 UTC] send_command_form exécutée
[25-Jan-2026 13:37:54 UTC] send_command_form exécutée
[25-Jan-2026 13:37:55 UTC] send_command_form exécutée
[25-Jan-2026 13:38:44 UTC] send_command_form exécutée
[25-Jan-2026 13:38:54 UTC] send_command_form exécutée
[25-Jan-2026 13:38:55 UTC] send_command_form exécutée
[25-Jan-2026 13:39:22 UTC] send_command_form exécutée
[25-Jan-2026 13:40:23 UTC] send_command_form exécutée
[25-Jan-2026 13:40:23 UTC] send_command_form exécutée
[25-Jan-2026 13:40:55 UTC] send_command_form exécutée
[25-Jan-2026 13:40:55 UTC] send_command_form exécutée
[25-Jan-2026 13:40:57 UTC] send_command_form exécutée
[25-Jan-2026 13:42:06 UTC] send_command_form exécutée
[25-Jan-2026 13:42:07 UTC] send_command_form exécutée
[25-Jan-2026 13:42:28 UTC] send_command_form exécutée
[25-Jan-2026 13:42:55 UTC] send_command_form exécutée
[25-Jan-2026 13:42:55 UTC] send_command_form exécutée
[25-Jan-2026 13:44:29 UTC] send_command_form exécutée
[25-Jan-2026 13:44:29 UTC] send_command_form exécutée
[25-Jan-2026 13:44:55 UTC] send_command_form exécutée
[25-Jan-2026 13:44:55 UTC] send_command_form exécutée
[25-Jan-2026 13:45:08 UTC] send_command_form exécutée
[25-Jan-2026 13:45:30 UTC] send_command_form exécutée
[25-Jan-2026 13:46:26 UTC] send_command_form exécutée
[25-Jan-2026 13:46:26 UTC] send_command_form exécutée
[25-Jan-2026 13:46:36 UTC] send_command_form exécutée
[25-Jan-2026 13:46:55 UTC] send_command_form exécutée
[25-Jan-2026 13:46:55 UTC] send_command_form exécutée
[25-Jan-2026 13:47:02 UTC] send_command_form exécutée
[25-Jan-2026 13:47:31 UTC] send_command_form exécutée
[25-Jan-2026 13:49:11 UTC] send_command_form exécutée
[25-Jan-2026 13:49:11 UTC] send_command_form exécutée
[25-Jan-2026 13:49:48 UTC] send_command_form exécutée
[25-Jan-2026 13:50:47 UTC] send_command_form exécutée
[25-Jan-2026 13:50:47 UTC] send_command_form exécutée
[25-Jan-2026 13:51:45 UTC] send_command_form exécutée
[25-Jan-2026 13:51:45 UTC] send_command_form exécutée
[26-Jan-2026 06:44:47 UTC] send_command_form exécutée
[26-Jan-2026 06:44:47 UTC] send_command_form exécutée
[26-Jan-2026 06:44:48 UTC] send_command_form exécutée
[26-Jan-2026 06:44:48 UTC] send_command_form exécutée
[26-Jan-2026 06:44:49 UTC] send_command_form exécutée
[26-Jan-2026 06:44:49 UTC] send_command_form exécutée
[26-Jan-2026 06:44:49 UTC] send_command_form exécutée
[26-Jan-2026 06:44:50 UTC] Automatic updates starting...
[26-Jan-2026 06:44:51 UTC]   Automatic plugin updates starting...
[26-Jan-2026 06:44:51 UTC]   Automatic plugin updates complete.
[26-Jan-2026 06:44:51 UTC] Automatic updates complete.
[26-Jan-2026 06:45:26 UTC] send_command_form exécutée
[26-Jan-2026 06:45:26 UTC] send_command_form exécutée
[26-Jan-2026 06:45:26 UTC] send_command_form exécutée
[26-Jan-2026 06:45:30 UTC] send_command_form exécutée
[26-Jan-2026 06:45:30 UTC] send_command_form exécutée
[26-Jan-2026 06:46:30 UTC] send_command_form exécutée
[26-Jan-2026 06:46:30 UTC] send_command_form exécutée
[26-Jan-2026 06:47:24 UTC] send_command_form exécutée
[26-Jan-2026 06:47:24 UTC] send_command_form exécutée
[26-Jan-2026 06:47:31 UTC] send_command_form exécutée
[26-Jan-2026 06:48:46 UTC] send_command_form exécutée
[26-Jan-2026 06:48:46 UTC] send_command_form exécutée
[26-Jan-2026 06:49:46 UTC] send_command_form exécutée
[26-Jan-2026 06:49:46 UTC] send_command_form exécutée
[26-Jan-2026 06:50:44 UTC] send_command_form exécutée
[26-Jan-2026 06:50:44 UTC] send_command_form exécutée
[26-Jan-2026 06:50:46 UTC] send_command_form exécutée
[26-Jan-2026 06:52:29 UTC] send_command_form exécutée
[26-Jan-2026 06:52:29 UTC] send_command_form exécutée
[26-Jan-2026 06:52:47 UTC] send_command_form exécutée
[26-Jan-2026 06:53:02 UTC] send_command_form exécutée
[26-Jan-2026 06:53:02 UTC] send_command_form exécutée
[26-Jan-2026 06:53:02 UTC] send_command_form exécutée
[26-Jan-2026 06:54:47 UTC] send_command_form exécutée
[26-Jan-2026 06:54:48 UTC] send_command_form exécutée
[26-Jan-2026 06:56:48 UTC] send_command_form exécutée
[26-Jan-2026 06:56:48 UTC] send_command_form exécutée
[26-Jan-2026 06:58:05 UTC] send_command_form exécutée
[26-Jan-2026 06:58:05 UTC] send_command_form exécutée
[26-Jan-2026 06:58:20 UTC] send_command_form exécutée
[26-Jan-2026 06:58:48 UTC] send_command_form exécutée
[26-Jan-2026 06:59:03 UTC] send_command_form exécutée
[26-Jan-2026 06:59:04 UTC] send_command_form exécutée
[26-Jan-2026 07:00:10 UTC] send_command_form exécutée
[26-Jan-2026 07:00:10 UTC] send_command_form exécutée
[26-Jan-2026 07:00:34 UTC] send_command_form exécutée
[26-Jan-2026 07:01:38 UTC] send_command_form exécutée
[26-Jan-2026 07:01:38 UTC] send_command_form exécutée
[26-Jan-2026 07:02:14 UTC] send_command_form exécutée
[26-Jan-2026 07:02:14 UTC] send_command_form exécutée
[26-Jan-2026 07:02:45 UTC] send_command_form exécutée
[26-Jan-2026 07:04:35 UTC] send_command_form exécutée
[26-Jan-2026 07:04:35 UTC] send_command_form exécutée
[26-Jan-2026 07:06:31 UTC] send_command_form exécutée
[26-Jan-2026 07:06:31 UTC] send_command_form exécutée
[26-Jan-2026 07:08:32 UTC] send_command_form exécutée
[26-Jan-2026 07:08:32 UTC] send_command_form exécutée
[26-Jan-2026 07:09:21 UTC] send_command_form exécutée
[26-Jan-2026 07:09:21 UTC] send_command_form exécutée
[26-Jan-2026 07:09:24 UTC] send_command_form exécutée
[26-Jan-2026 07:09:47 UTC] send_command_form exécutée
[26-Jan-2026 07:10:06 UTC] send_command_form exécutée
[26-Jan-2026 07:10:06 UTC] send_command_form exécutée
[26-Jan-2026 07:11:17 UTC] send_command_form exécutée
[26-Jan-2026 07:11:18 UTC] send_command_form exécutée
[26-Jan-2026 07:11:56 UTC] send_command_form exécutée
[26-Jan-2026 07:11:56 UTC] send_command_form exécutée
[26-Jan-2026 07:12:41 UTC] send_command_form exécutée
[26-Jan-2026 07:12:57 UTC] send_command_form exécutée
[26-Jan-2026 07:12:57 UTC] send_command_form exécutée
[26-Jan-2026 07:12:57 UTC] send_command_form exécutée
[26-Jan-2026 07:38:31 UTC] send_command_form exécutée
[26-Jan-2026 07:38:31 UTC] send_command_form exécutée
[26-Jan-2026 07:38:40 UTC] send_command_form exécutée
[26-Jan-2026 07:38:41 UTC] send_command_form exécutée
[26-Jan-2026 07:44:14 UTC] send_command_form exécutée
[26-Jan-2026 07:44:14 UTC] send_command_form exécutée
[26-Jan-2026 07:44:21 UTC] send_command_form exécutée
[26-Jan-2026 07:44:23 UTC] send_command_form exécutée
[26-Jan-2026 07:54:46 UTC] send_command_form exécutée
[26-Jan-2026 07:54:47 UTC] send_command_form exécutée
[26-Jan-2026 07:55:53 UTC] send_command_form exécutée
[26-Jan-2026 07:55:53 UTC] PHP Warning:  Undefined variable $framboise in /var/www/planty/html/wp-content/themes/plantyp6child/functions.php on line 57
[26-Jan-2026 07:55:54 UTC] send_command_form exécutée
[26-Jan-2026 07:55:54 UTC] send_command_form exécutée
[26-Jan-2026 07:56:01 UTC] send_command_form exécutée
[26-Jan-2026 08:05:56 UTC] send_command_form exécutée
[26-Jan-2026 08:05:56 UTC] send_command_form exécutée
[26-Jan-2026 08:06:16 UTC] send_command_form exécutée
[26-Jan-2026 09:19:43 UTC] send_command_form exécutée
[26-Jan-2026 09:19:43 UTC] send_command_form exécutée
[26-Jan-2026 09:23:12 UTC] send_command_form exécutée
[26-Jan-2026 09:23:13 UTC] send_command_form exécutée
[26-Jan-2026 09:26:08 UTC] send_command_form exécutée
[26-Jan-2026 09:26:08 UTC] send_command_form exécutée
[26-Jan-2026 09:27:27 UTC] send_command_form exécutée
[26-Jan-2026 09:27:27 UTC] send_command_form exécutée
[26-Jan-2026 09:29:22 UTC] send_command_form exécutée
[26-Jan-2026 09:29:22 UTC] send_command_form exécutée
[26-Jan-2026 09:31:23 UTC] send_command_form exécutée
[26-Jan-2026 09:31:23 UTC] send_command_form exécutée
[26-Jan-2026 09:32:15 UTC] send_command_form exécutée
[26-Jan-2026 09:32:15 UTC] send_command_form exécutée
[26-Jan-2026 09:32:25 UTC] send_command_form exécutée
[26-Jan-2026 09:33:02 UTC] send_command_form exécutée
[26-Jan-2026 09:33:02 UTC] send_command_form exécutée
[26-Jan-2026 09:33:34 UTC] send_command_form exécutée
[26-Jan-2026 09:36:41 UTC] send_command_form exécutée
[26-Jan-2026 09:36:41 UTC] send_command_form exécutée
[26-Jan-2026 09:38:00 UTC] send_command_form exécutée
[26-Jan-2026 09:38:01 UTC] send_command_form exécutée
[26-Jan-2026 09:39:25 UTC] send_command_form exécutée
[26-Jan-2026 09:39:25 UTC] send_command_form exécutée
[26-Jan-2026 09:40:16 UTC] send_command_form exécutée
[26-Jan-2026 09:40:16 UTC] send_command_form exécutée
[26-Jan-2026 09:40:37 UTC] send_command_form exécutée
[26-Jan-2026 09:40:56 UTC] send_command_form exécutée
[26-Jan-2026 09:40:56 UTC] send_command_form exécutée
[26-Jan-2026 09:41:33 UTC] send_command_form exécutée
[26-Jan-2026 09:43:33 UTC] send_command_form exécutée
[26-Jan-2026 09:43:33 UTC] send_command_form exécutée
[26-Jan-2026 09:44:19 UTC] send_command_form exécutée
[26-Jan-2026 09:44:19 UTC] send_command_form exécutée
[26-Jan-2026 09:45:37 UTC] send_command_form exécutée
[26-Jan-2026 09:45:37 UTC] send_command_form exécutée
[26-Jan-2026 09:46:06 UTC] send_command_form exécutée
[26-Jan-2026 09:46:06 UTC] send_command_form exécutée
[26-Jan-2026 09:46:54 UTC] send_command_form exécutée
[26-Jan-2026 09:46:55 UTC] send_command_form exécutée
[26-Jan-2026 09:47:36 UTC] send_command_form exécutée
[26-Jan-2026 09:48:03 UTC] send_command_form exécutée
[26-Jan-2026 09:48:04 UTC] send_command_form exécutée
[26-Jan-2026 09:48:26 UTC] send_command_form exécutée
[26-Jan-2026 09:48:49 UTC] send_command_form exécutée
[26-Jan-2026 09:48:49 UTC] send_command_form exécutée
[26-Jan-2026 09:50:32 UTC] send_command_form exécutée
[26-Jan-2026 09:50:33 UTC] send_command_form exécutée
[26-Jan-2026 09:51:35 UTC] send_command_form exécutée
[26-Jan-2026 09:51:35 UTC] send_command_form exécutée
[26-Jan-2026 09:52:53 UTC] send_command_form exécutée
[26-Jan-2026 09:52:53 UTC] send_command_form exécutée
[26-Jan-2026 09:53:00 UTC] send_command_form exécutée
[26-Jan-2026 09:59:37 UTC] send_command_form exécutée
[26-Jan-2026 09:59:37 UTC] send_command_form exécutée
[26-Jan-2026 10:00:07 UTC] send_command_form exécutée
[26-Jan-2026 10:00:07 UTC] send_command_form exécutée
[26-Jan-2026 10:01:37 UTC] send_command_form exécutée
[26-Jan-2026 10:01:37 UTC] send_command_form exécutée
[26-Jan-2026 10:03:27 UTC] send_command_form exécutée
[26-Jan-2026 10:03:29 UTC] send_command_form exécutée
[26-Jan-2026 10:03:39 UTC] send_command_form exécutée
[26-Jan-2026 10:03:57 UTC] send_command_form exécutée
[26-Jan-2026 10:03:58 UTC] send_command_form exécutée
[26-Jan-2026 10:04:01 UTC] send_command_form exécutée
[26-Jan-2026 10:04:02 UTC] send_command_form exécutée
[26-Jan-2026 10:04:17 UTC] send_command_form exécutée
[26-Jan-2026 10:04:19 UTC] send_command_form exécutée
[26-Jan-2026 10:04:19 UTC] send_command_form exécutée
[26-Jan-2026 10:04:25 UTC] send_command_form exécutée
[26-Jan-2026 10:04:26 UTC] send_command_form exécutée
[26-Jan-2026 10:04:26 UTC] send_command_form exécutée
[26-Jan-2026 10:04:26 UTC] send_command_form exécutée
[26-Jan-2026 10:04:26 UTC] send_command_form exécutée
[26-Jan-2026 10:05:26 UTC] send_command_form exécutée
[26-Jan-2026 10:05:26 UTC] send_command_form exécutée
[26-Jan-2026 10:05:26 UTC] send_command_form exécutée
[26-Jan-2026 10:06:17 UTC] send_command_form exécutée
[26-Jan-2026 10:06:18 UTC] send_command_form exécutée
[26-Jan-2026 10:06:26 UTC] send_command_form exécutée
[26-Jan-2026 10:06:26 UTC] send_command_form exécutée
[26-Jan-2026 10:07:26 UTC] send_command_form exécutée
[26-Jan-2026 10:07:26 UTC] send_command_form exécutée
[26-Jan-2026 10:07:26 UTC] send_command_form exécutée
[26-Jan-2026 10:07:42 UTC] send_command_form exécutée
[26-Jan-2026 10:07:52 UTC] send_command_form exécutée
[26-Jan-2026 10:07:52 UTC] send_command_form exécutée
[26-Jan-2026 10:08:17 UTC] send_command_form exécutée
[26-Jan-2026 10:08:26 UTC] send_command_form exécutée
[26-Jan-2026 10:08:26 UTC] send_command_form exécutée
[26-Jan-2026 10:09:26 UTC] send_command_form exécutée
[26-Jan-2026 10:09:26 UTC] send_command_form exécutée
[26-Jan-2026 10:09:26 UTC] send_command_form exécutée
[26-Jan-2026 10:09:46 UTC] send_command_form exécutée
[26-Jan-2026 10:09:54 UTC] send_command_form exécutée
[26-Jan-2026 10:09:54 UTC] send_command_form exécutée
[26-Jan-2026 10:10:26 UTC] send_command_form exécutée
[26-Jan-2026 10:10:26 UTC] send_command_form exécutée
[26-Jan-2026 10:10:26 UTC] send_command_form exécutée
[26-Jan-2026 10:11:26 UTC] send_command_form exécutée
[26-Jan-2026 10:11:26 UTC] send_command_form exécutée
[26-Jan-2026 10:12:26 UTC] send_command_form exécutée
[26-Jan-2026 10:12:26 UTC] send_command_form exécutée
[26-Jan-2026 10:12:27 UTC] send_command_form exécutée
[26-Jan-2026 10:13:26 UTC] send_command_form exécutée
[26-Jan-2026 10:13:26 UTC] send_command_form exécutée
[26-Jan-2026 10:14:26 UTC] send_command_form exécutée
[26-Jan-2026 10:14:26 UTC] send_command_form exécutée
[26-Jan-2026 10:14:27 UTC] send_command_form exécutée
[26-Jan-2026 10:15:26 UTC] send_command_form exécutée
[26-Jan-2026 10:15:26 UTC] send_command_form exécutée
[26-Jan-2026 10:16:26 UTC] send_command_form exécutée
[26-Jan-2026 10:16:26 UTC] send_command_form exécutée
[26-Jan-2026 10:16:28 UTC] send_command_form exécutée
[26-Jan-2026 10:17:26 UTC] send_command_form exécutée
[26-Jan-2026 10:17:26 UTC] send_command_form exécutée
[26-Jan-2026 10:18:26 UTC] send_command_form exécutée
[26-Jan-2026 10:18:26 UTC] send_command_form exécutée
[26-Jan-2026 10:18:28 UTC] send_command_form exécutée
[26-Jan-2026 10:19:26 UTC] send_command_form exécutée
[26-Jan-2026 10:19:26 UTC] send_command_form exécutée
[26-Jan-2026 10:20:26 UTC] send_command_form exécutée
[26-Jan-2026 10:20:26 UTC] send_command_form exécutée
[26-Jan-2026 10:21:26 UTC] send_command_form exécutée
[26-Jan-2026 10:21:26 UTC] send_command_form exécutée
[26-Jan-2026 10:22:26 UTC] send_command_form exécutée
[26-Jan-2026 10:22:26 UTC] send_command_form exécutée
[26-Jan-2026 10:23:26 UTC] send_command_form exécutée
[26-Jan-2026 10:23:26 UTC] send_command_form exécutée
[26-Jan-2026 10:24:26 UTC] send_command_form exécutée
[26-Jan-2026 10:24:26 UTC] send_command_form exécutée
[26-Jan-2026 10:25:26 UTC] send_command_form exécutée
[26-Jan-2026 10:25:26 UTC] send_command_form exécutée
[26-Jan-2026 10:26:26 UTC] send_command_form exécutée
[26-Jan-2026 10:26:26 UTC] send_command_form exécutée
[26-Jan-2026 10:27:26 UTC] send_command_form exécutée
[26-Jan-2026 10:27:26 UTC] send_command_form exécutée
[26-Jan-2026 10:28:26 UTC] send_command_form exécutée
[26-Jan-2026 10:28:26 UTC] send_command_form exécutée
[26-Jan-2026 10:29:26 UTC] send_command_form exécutée
[26-Jan-2026 10:29:26 UTC] send_command_form exécutée
[26-Jan-2026 10:30:26 UTC] send_command_form exécutée
[26-Jan-2026 10:30:26 UTC] send_command_form exécutée
[26-Jan-2026 13:23:00 UTC] send_command_form exécutée
[26-Jan-2026 13:23:00 UTC] send_command_form exécutée
[26-Jan-2026 13:23:59 UTC] send_command_form exécutée
[26-Jan-2026 13:23:59 UTC] send_command_form exécutée
[26-Jan-2026 13:24:59 UTC] send_command_form exécutée
[26-Jan-2026 13:24:59 UTC] send_command_form exécutée
[26-Jan-2026 13:25:59 UTC] send_command_form exécutée
[26-Jan-2026 13:25:59 UTC] send_command_form exécutée
[26-Jan-2026 13:26:59 UTC] send_command_form exécutée
[26-Jan-2026 13:26:59 UTC] send_command_form exécutée
[26-Jan-2026 13:27:59 UTC] send_command_form exécutée
[26-Jan-2026 13:27:59 UTC] send_command_form exécutée
[26-Jan-2026 13:28:59 UTC] send_command_form exécutée
[26-Jan-2026 13:29:00 UTC] send_command_form exécutée
[26-Jan-2026 13:29:13 UTC] send_command_form exécutée
[26-Jan-2026 13:29:19 UTC] send_command_form exécutée
[26-Jan-2026 13:30:20 UTC] send_command_form exécutée
[26-Jan-2026 13:30:20 UTC] send_command_form exécutée
[26-Jan-2026 13:30:21 UTC] send_command_form exécutée
[26-Jan-2026 13:30:26 UTC] send_command_form exécutée
[26-Jan-2026 13:30:49 UTC] send_command_form exécutée
[26-Jan-2026 13:30:55 UTC] send_command_form exécutée
[26-Jan-2026 13:31:21 UTC] send_command_form exécutée
[26-Jan-2026 13:31:31 UTC] send_command_form exécutée
[26-Jan-2026 13:31:32 UTC] send_command_form exécutée
[26-Jan-2026 13:31:46 UTC] send_command_form exécutée
[26-Jan-2026 13:31:55 UTC] send_command_form exécutée
[26-Jan-2026 13:31:55 UTC] send_command_form exécutée
[26-Jan-2026 13:32:01 UTC] send_command_form exécutée
[26-Jan-2026 13:32:07 UTC] send_command_form exécutée
[26-Jan-2026 13:32:21 UTC] send_command_form exécutée
[26-Jan-2026 13:32:56 UTC] send_command_form exécutée
[26-Jan-2026 13:32:56 UTC] send_command_form exécutée
[26-Jan-2026 13:33:08 UTC] send_command_form exécutée
[26-Jan-2026 13:33:24 UTC] send_command_form exécutée
[26-Jan-2026 13:33:29 UTC] send_command_form exécutée
[26-Jan-2026 13:33:31 UTC] send_command_form exécutée
[26-Jan-2026 13:33:35 UTC] send_command_form exécutée
[26-Jan-2026 13:34:25 UTC] send_command_form exécutée
[26-Jan-2026 13:34:26 UTC] send_command_form exécutée
[26-Jan-2026 13:36:25 UTC] send_command_form exécutée
[26-Jan-2026 13:36:26 UTC] send_command_form exécutée
[26-Jan-2026 13:37:50 UTC] send_command_form exécutée
[26-Jan-2026 13:37:50 UTC] send_command_form exécutée
[26-Jan-2026 13:38:50 UTC] send_command_form exécutée
[26-Jan-2026 13:38:50 UTC] send_command_form exécutée
[26-Jan-2026 13:39:50 UTC] send_command_form exécutée
[26-Jan-2026 13:39:51 UTC] send_command_form exécutée
[26-Jan-2026 13:41:09 UTC] send_command_form exécutée
[26-Jan-2026 13:41:09 UTC] send_command_form exécutée
[26-Jan-2026 13:41:15 UTC] send_command_form exécutée
[26-Jan-2026 13:41:49 UTC] send_command_form exécutée
[26-Jan-2026 13:41:49 UTC] send_command_form exécutée
[26-Jan-2026 13:42:51 UTC] send_command_form exécutée
[26-Jan-2026 13:42:51 UTC] send_command_form exécutée
[26-Jan-2026 13:43:28 UTC] send_command_form exécutée
[26-Jan-2026 13:43:49 UTC] send_command_form exécutée
[26-Jan-2026 13:43:49 UTC] send_command_form exécutée
[26-Jan-2026 13:44:07 UTC] send_command_form exécutée
[26-Jan-2026 13:44:07 UTC] send_command_form exécutée
[26-Jan-2026 13:44:07 UTC] send_command_form exécutée
[26-Jan-2026 13:44:15 UTC] send_command_form exécutée
[26-Jan-2026 13:44:41 UTC] send_command_form exécutée
[26-Jan-2026 13:44:47 UTC] send_command_form exécutée
[26-Jan-2026 13:45:02 UTC] send_command_form exécutée
[26-Jan-2026 13:45:03 UTC] send_command_form exécutée
[26-Jan-2026 13:45:08 UTC] send_command_form exécutée
[26-Jan-2026 13:45:15 UTC] send_command_form exécutée
[26-Jan-2026 13:45:21 UTC] send_command_form exécutée
[26-Jan-2026 13:45:36 UTC] send_command_form exécutée
[26-Jan-2026 13:45:42 UTC] send_command_form exécutée
[26-Jan-2026 13:45:42 UTC] send_command_form exécutée
[26-Jan-2026 13:45:50 UTC] send_command_form exécutée
[26-Jan-2026 13:45:50 UTC] send_command_form exécutée
[26-Jan-2026 13:46:20 UTC] send_command_form exécutée
[26-Jan-2026 13:46:23 UTC] send_command_form exécutée
[26-Jan-2026 13:47:25 UTC] send_command_form exécutée
[26-Jan-2026 13:47:25 UTC] send_command_form exécutée
[26-Jan-2026 13:49:25 UTC] send_command_form exécutée
[26-Jan-2026 13:49:25 UTC] send_command_form exécutée
[26-Jan-2026 13:50:25 UTC] send_command_form exécutée
[26-Jan-2026 13:50:25 UTC] send_command_form exécutée
[26-Jan-2026 13:52:25 UTC] send_command_form exécutée
[26-Jan-2026 13:52:25 UTC] send_command_form exécutée
[26-Jan-2026 13:54:25 UTC] send_command_form exécutée
[26-Jan-2026 13:54:25 UTC] send_command_form exécutée
[26-Jan-2026 13:55:26 UTC] send_command_form exécutée
[26-Jan-2026 13:55:26 UTC] send_command_form exécutée
[26-Jan-2026 13:57:26 UTC] send_command_form exécutée
[26-Jan-2026 13:57:26 UTC] send_command_form exécutée
[26-Jan-2026 13:59:26 UTC] send_command_form exécutée
[26-Jan-2026 13:59:26 UTC] send_command_form exécutée
[26-Jan-2026 14:00:30 UTC] send_command_form exécutée
[26-Jan-2026 14:00:30 UTC] send_command_form exécutée
[26-Jan-2026 14:01:26 UTC] send_command_form exécutée
[26-Jan-2026 14:01:26 UTC] send_command_form exécutée
[26-Jan-2026 14:01:45 UTC] send_command_form exécutée
[26-Jan-2026 14:03:09 UTC] send_command_form exécutée
[26-Jan-2026 14:03:10 UTC] send_command_form exécutée
[26-Jan-2026 14:03:20 UTC] send_command_form exécutée
[26-Jan-2026 14:03:26 UTC] send_command_form exécutée
[26-Jan-2026 14:04:56 UTC] send_command_form exécutée
[26-Jan-2026 14:04:56 UTC] send_command_form exécutée
[26-Jan-2026 14:04:58 UTC] send_command_form exécutée
[26-Jan-2026 14:05:03 UTC] send_command_form exécutée
[26-Jan-2026 14:05:16 UTC] send_command_form exécutée
[26-Jan-2026 14:05:38 UTC] send_command_form exécutée
[26-Jan-2026 14:05:52 UTC] send_command_form exécutée
[26-Jan-2026 14:05:52 UTC] send_command_form exécutée
[26-Jan-2026 14:05:55 UTC] send_command_form exécutée
[26-Jan-2026 14:06:19 UTC] send_command_form exécutée
[26-Jan-2026 14:06:40 UTC] send_command_form exécutée
[26-Jan-2026 14:06:50 UTC] send_command_form exécutée
[26-Jan-2026 14:06:51 UTC] send_command_form exécutée
[26-Jan-2026 14:06:54 UTC] send_command_form exécutée
[26-Jan-2026 14:07:23 UTC] send_command_form exécutée
[26-Jan-2026 14:07:32 UTC] send_command_form exécutée
[26-Jan-2026 14:07:45 UTC] send_command_form exécutée
[26-Jan-2026 14:07:55 UTC] send_command_form exécutée
[26-Jan-2026 14:07:55 UTC] PHP Notice:  Object of class WP_Term could not be converted to int in /var/www/planty/html/wp-content/themes/plantyp6child/functions.php on line 80
[26-Jan-2026 14:07:55 UTC] send_command_form exécutée
[26-Jan-2026 14:08:05 UTC] send_command_form exécutée
[26-Jan-2026 14:08:08 UTC] send_command_form exécutée
[26-Jan-2026 14:09:06 UTC] send_command_form exécutée
[26-Jan-2026 14:09:06 UTC] send_command_form exécutée
[26-Jan-2026 14:09:16 UTC] send_command_form exécutée
[26-Jan-2026 14:09:19 UTC] send_command_form exécutée
[26-Jan-2026 14:10:52 UTC] send_command_form exécutée
[26-Jan-2026 14:10:52 UTC] send_command_form exécutée
[26-Jan-2026 14:10:55 UTC] send_command_form exécutée
[26-Jan-2026 14:11:06 UTC] send_command_form exécutée
[26-Jan-2026 14:11:51 UTC] send_command_form exécutée
[26-Jan-2026 14:11:51 UTC] send_command_form exécutée
[26-Jan-2026 14:11:55 UTC] send_command_form exécutée
[26-Jan-2026 14:12:05 UTC] send_command_form exécutée
[26-Jan-2026 14:12:10 UTC] send_command_form exécutée
[26-Jan-2026 14:12:13 UTC] send_command_form exécutée
[26-Jan-2026 14:12:15 UTC] send_command_form exécutée
[26-Jan-2026 14:12:19 UTC] send_command_form exécutée
[26-Jan-2026 14:13:06 UTC] send_command_form exécutée
[26-Jan-2026 14:13:06 UTC] send_command_form exécutée
[26-Jan-2026 14:13:08 UTC] send_command_form exécutée
[26-Jan-2026 14:13:33 UTC] send_command_form exécutée
[26-Jan-2026 14:14:06 UTC] send_command_form exécutée
[26-Jan-2026 14:14:06 UTC] send_command_form exécutée
[26-Jan-2026 14:14:09 UTC] send_command_form exécutée
[26-Jan-2026 14:14:24 UTC] send_command_form exécutée
[26-Jan-2026 14:14:43 UTC] send_command_form exécutée
[26-Jan-2026 14:14:48 UTC] send_command_form exécutée
[26-Jan-2026 14:15:06 UTC] send_command_form exécutée
[26-Jan-2026 14:15:06 UTC] send_command_form exécutée
[26-Jan-2026 14:16:06 UTC] send_command_form exécutée
[26-Jan-2026 14:16:07 UTC] send_command_form exécutée
[26-Jan-2026 14:17:06 UTC] send_command_form exécutée
[26-Jan-2026 14:17:07 UTC] send_command_form exécutée
[26-Jan-2026 14:18:06 UTC] send_command_form exécutée
[26-Jan-2026 14:18:07 UTC] send_command_form exécutée
[26-Jan-2026 14:19:06 UTC] send_command_form exécutée
[26-Jan-2026 14:19:07 UTC] send_command_form exécutée
[26-Jan-2026 14:20:06 UTC] send_command_form exécutée
[26-Jan-2026 14:20:07 UTC] send_command_form exécutée
[26-Jan-2026 14:21:06 UTC] send_command_form exécutée
[26-Jan-2026 14:21:07 UTC] send_command_form exécutée
[26-Jan-2026 14:23:06 UTC] send_command_form exécutée
[26-Jan-2026 14:23:07 UTC] send_command_form exécutée
[26-Jan-2026 14:25:07 UTC] send_command_form exécutée
[26-Jan-2026 14:25:07 UTC] send_command_form exécutée
[26-Jan-2026 14:27:06 UTC] send_command_form exécutée
[26-Jan-2026 14:27:07 UTC] send_command_form exécutée
[26-Jan-2026 14:29:06 UTC] send_command_form exécutée
[26-Jan-2026 14:29:07 UTC] send_command_form exécutée
[26-Jan-2026 14:35:04 UTC] send_command_form exécutée
[26-Jan-2026 14:35:04 UTC] send_command_form exécutée
[26-Jan-2026 14:37:04 UTC] send_command_form exécutée
[26-Jan-2026 14:37:04 UTC] send_command_form exécutée
[26-Jan-2026 14:39:04 UTC] send_command_form exécutée
[26-Jan-2026 14:39:04 UTC] send_command_form exécutée
[26-Jan-2026 14:41:04 UTC] send_command_form exécutée
[26-Jan-2026 14:41:04 UTC] send_command_form exécutée
[26-Jan-2026 14:43:04 UTC] send_command_form exécutée
[26-Jan-2026 14:43:04 UTC] send_command_form exécutée
[26-Jan-2026 14:45:04 UTC] send_command_form exécutée
[26-Jan-2026 14:45:04 UTC] send_command_form exécutée
[26-Jan-2026 14:47:04 UTC] send_command_form exécutée
[26-Jan-2026 14:47:04 UTC] send_command_form exécutée
[26-Jan-2026 14:49:04 UTC] send_command_form exécutée
[26-Jan-2026 14:49:04 UTC] send_command_form exécutée
[26-Jan-2026 21:29:39 UTC] send_command_form exécutée
[26-Jan-2026 21:29:39 UTC] send_command_form exécutée
[26-Jan-2026 21:29:40 UTC] Automatic updates starting...
[26-Jan-2026 21:29:40 UTC]   Automatic plugin updates starting...
[26-Jan-2026 21:29:40 UTC]   Automatic plugin updates complete.
[26-Jan-2026 21:29:41 UTC] Automatic updates complete.
[26-Jan-2026 21:30:40 UTC] send_command_form exécutée
[26-Jan-2026 21:30:40 UTC] send_command_form exécutée
[26-Jan-2026 21:32:40 UTC] send_command_form exécutée
[26-Jan-2026 21:32:40 UTC] send_command_form exécutée
[26-Jan-2026 21:34:39 UTC] send_command_form exécutée
[26-Jan-2026 21:34:39 UTC] PHP Notice:  Object of class WP_Term could not be converted to int in /var/www/planty/html/wp-content/themes/plantyp6child/functions.php on line 80
[26-Jan-2026 21:34:40 UTC] send_command_form exécutée
[26-Jan-2026 21:34:41 UTC] send_command_form exécutée
[26-Jan-2026 21:34:42 UTC] send_command_form exécutée
[26-Jan-2026 21:34:42 UTC] PHP Notice:  Object of class WP_Term could not be converted to int in /var/www/planty/html/wp-content/themes/plantyp6child/functions.php on line 80
[26-Jan-2026 21:34:54 UTC] send_command_form exécutée
[26-Jan-2026 21:34:54 UTC] send_command_form exécutée
[26-Jan-2026 21:34:54 UTC] send_command_form exécutée
[26-Jan-2026 21:35:01 UTC] send_command_form exécutée
[26-Jan-2026 21:35:02 UTC] send_command_form exécutée
[26-Jan-2026 21:35:02 UTC] PHP Notice:  Object of class WP_Term could not be converted to int in /var/www/planty/html/wp-content/themes/plantyp6child/functions.php on line 83
[26-Jan-2026 21:35:07 UTC] send_command_form exécutée
[26-Jan-2026 21:35:07 UTC] send_command_form exécutée
[26-Jan-2026 21:35:11 UTC] send_command_form exécutée
[26-Jan-2026 21:35:11 UTC] send_command_form exécutée
[26-Jan-2026 21:35:12 UTC] send_command_form exécutée
[26-Jan-2026 21:35:12 UTC] send_command_form exécutée
[26-Jan-2026 21:35:20 UTC] send_command_form exécutée
[26-Jan-2026 21:35:20 UTC] PHP Notice:  Object of class WP_Term could not be converted to int in /var/www/planty/html/wp-content/themes/plantyp6child/functions.php on line 80
[26-Jan-2026 21:36:41 UTC] send_command_form exécutée
[26-Jan-2026 21:36:41 UTC] send_command_form exécutée
[26-Jan-2026 21:37:41 UTC] send_command_form exécutée
[26-Jan-2026 21:37:41 UTC] send_command_form exécutée
[26-Jan-2026 21:38:52 UTC] send_command_form exécutée
[26-Jan-2026 21:38:52 UTC] send_command_form exécutée
[26-Jan-2026 21:39:12 UTC] send_command_form exécutée
[26-Jan-2026 21:39:12 UTC] send_command_form exécutée
[26-Jan-2026 21:39:28 UTC] send_command_form exécutée
[26-Jan-2026 21:40:28 UTC] send_command_form exécutée
[26-Jan-2026 21:40:28 UTC] send_command_form exécutée
[27-Jan-2026 07:32:28 UTC] send_command_form exécutée
[27-Jan-2026 07:32:28 UTC] send_command_form exécutée
[27-Jan-2026 07:32:29 UTC] send_command_form exécutée
[27-Jan-2026 07:32:29 UTC] send_command_form exécutée
[27-Jan-2026 07:32:29 UTC] send_command_form exécutée
[27-Jan-2026 07:32:30 UTC] send_command_form exécutée
[27-Jan-2026 07:32:30 UTC] send_command_form exécutée
[27-Jan-2026 07:32:30 UTC] PHP Notice:  Object of class WP_Term could not be converted to int in /var/www/planty/html/wp-content/themes/plantyp6child/functions.php on line 83
[27-Jan-2026 07:32:31 UTC] Automatic updates starting...
[27-Jan-2026 07:32:32 UTC]   Automatic plugin updates starting...
[27-Jan-2026 07:32:32 UTC]   Automatic plugin updates complete.
[27-Jan-2026 07:32:33 UTC] Automatic updates complete.
[27-Jan-2026 07:32:59 UTC] send_command_form exécutée
[27-Jan-2026 07:32:59 UTC] send_command_form exécutée
[27-Jan-2026 07:32:59 UTC] send_command_form exécutée
[27-Jan-2026 07:33:39 UTC] send_command_form exécutée
[27-Jan-2026 07:33:52 UTC] send_command_form exécutée
[27-Jan-2026 07:33:53 UTC] send_command_form exécutée
[27-Jan-2026 07:33:53 UTC] send_command_form exécutée
[27-Jan-2026 07:33:57 UTC] send_command_form exécutée
[27-Jan-2026 07:34:05 UTC] send_command_form exécutée
[27-Jan-2026 07:34:15 UTC] send_command_form exécutée
[27-Jan-2026 07:34:16 UTC] send_command_form exécutée
[27-Jan-2026 07:34:17 UTC] send_command_form exécutée
[27-Jan-2026 07:34:17 UTC] send_command_form exécutée
[27-Jan-2026 07:34:20 UTC] send_command_form exécutée
[27-Jan-2026 07:34:22 UTC] send_command_form exécutée
[27-Jan-2026 07:34:23 UTC] send_command_form exécutée
[27-Jan-2026 07:34:25 UTC] send_command_form exécutée
[27-Jan-2026 07:34:27 UTC] send_command_form exécutée
[27-Jan-2026 07:34:30 UTC] send_command_form exécutée
[27-Jan-2026 07:34:32 UTC] send_command_form exécutée
[27-Jan-2026 07:34:35 UTC] send_command_form exécutée
[27-Jan-2026 07:34:37 UTC] send_command_form exécutée
[27-Jan-2026 07:34:40 UTC] send_command_form exécutée
[27-Jan-2026 07:34:42 UTC] send_command_form exécutée
[27-Jan-2026 07:34:45 UTC] send_command_form exécutée
[27-Jan-2026 07:34:47 UTC] send_command_form exécutée
[27-Jan-2026 07:34:50 UTC] send_command_form exécutée
[27-Jan-2026 07:34:50 UTC] send_command_form exécutée
[27-Jan-2026 07:34:52 UTC] send_command_form exécutée
[27-Jan-2026 07:34:55 UTC] send_command_form exécutée
[27-Jan-2026 07:34:57 UTC] send_command_form exécutée
[27-Jan-2026 07:35:00 UTC] send_command_form exécutée
[27-Jan-2026 07:35:02 UTC] send_command_form exécutée
[27-Jan-2026 07:35:05 UTC] send_command_form exécutée
[27-Jan-2026 07:35:07 UTC] send_command_form exécutée
[27-Jan-2026 07:35:10 UTC] send_command_form exécutée
[27-Jan-2026 07:35:12 UTC] send_command_form exécutée
[27-Jan-2026 07:35:15 UTC] send_command_form exécutée
[27-Jan-2026 07:35:16 UTC] send_command_form exécutée
[27-Jan-2026 07:35:19 UTC] send_command_form exécutée
[27-Jan-2026 07:35:21 UTC] send_command_form exécutée
[27-Jan-2026 07:35:23 UTC] send_command_form exécutée
[27-Jan-2026 07:35:26 UTC] send_command_form exécutée
[27-Jan-2026 07:35:28 UTC] send_command_form exécutée
[27-Jan-2026 07:35:31 UTC] send_command_form exécutée
[27-Jan-2026 07:35:33 UTC] send_command_form exécutée
[27-Jan-2026 07:35:36 UTC] send_command_form exécutée
[27-Jan-2026 07:35:38 UTC] send_command_form exécutée
[27-Jan-2026 07:35:41 UTC] send_command_form exécutée
[27-Jan-2026 07:35:43 UTC] send_command_form exécutée
[27-Jan-2026 07:35:46 UTC] send_command_form exécutée
[27-Jan-2026 07:35:49 UTC] send_command_form exécutée
[27-Jan-2026 07:35:49 UTC] send_command_form exécutée
[27-Jan-2026 07:35:51 UTC] send_command_form exécutée
[27-Jan-2026 07:35:54 UTC] send_command_form exécutée
[27-Jan-2026 07:35:56 UTC] send_command_form exécutée
[27-Jan-2026 07:35:59 UTC] send_command_form exécutée
[27-Jan-2026 07:36:01 UTC] send_command_form exécutée
[27-Jan-2026 07:36:04 UTC] send_command_form exécutée
[27-Jan-2026 07:36:06 UTC] send_command_form exécutée
[27-Jan-2026 07:36:09 UTC] send_command_form exécutée
[27-Jan-2026 07:36:11 UTC] send_command_form exécutée
[27-Jan-2026 07:36:14 UTC] send_command_form exécutée
[27-Jan-2026 07:36:16 UTC] send_command_form exécutée
[27-Jan-2026 07:36:19 UTC] send_command_form exécutée
[27-Jan-2026 07:36:21 UTC] send_command_form exécutée
[27-Jan-2026 07:36:24 UTC] send_command_form exécutée
[27-Jan-2026 07:36:26 UTC] send_command_form exécutée
[27-Jan-2026 07:36:29 UTC] send_command_form exécutée
[27-Jan-2026 07:36:31 UTC] send_command_form exécutée
[27-Jan-2026 07:36:34 UTC] send_command_form exécutée
[27-Jan-2026 07:36:36 UTC] send_command_form exécutée
[27-Jan-2026 07:36:39 UTC] send_command_form exécutée
[27-Jan-2026 07:36:41 UTC] send_command_form exécutée
[27-Jan-2026 07:36:44 UTC] send_command_form exécutée
[27-Jan-2026 07:36:46 UTC] send_command_form exécutée
[27-Jan-2026 07:36:49 UTC] send_command_form exécutée
[27-Jan-2026 07:36:49 UTC] send_command_form exécutée
[27-Jan-2026 07:36:51 UTC] send_command_form exécutée
[27-Jan-2026 07:36:54 UTC] send_command_form exécutée
[27-Jan-2026 07:36:56 UTC] send_command_form exécutée
[27-Jan-2026 07:36:59 UTC] send_command_form exécutée
[27-Jan-2026 07:37:01 UTC] send_command_form exécutée
[27-Jan-2026 07:37:04 UTC] send_command_form exécutée
[27-Jan-2026 07:37:06 UTC] send_command_form exécutée
[27-Jan-2026 07:37:09 UTC] send_command_form exécutée
[27-Jan-2026 07:37:11 UTC] send_command_form exécutée
[27-Jan-2026 07:37:14 UTC] send_command_form exécutée
[27-Jan-2026 07:37:16 UTC] send_command_form exécutée
[27-Jan-2026 07:37:19 UTC] send_command_form exécutée
[27-Jan-2026 07:37:21 UTC] send_command_form exécutée
[27-Jan-2026 07:37:24 UTC] send_command_form exécutée
[27-Jan-2026 07:37:26 UTC] send_command_form exécutée
[27-Jan-2026 07:37:29 UTC] send_command_form exécutée
[27-Jan-2026 07:37:31 UTC] send_command_form exécutée
[27-Jan-2026 07:37:31 UTC] send_command_form exécutée
[27-Jan-2026 07:37:34 UTC] send_command_form exécutée
[27-Jan-2026 07:37:34 UTC] send_command_form exécutée
[27-Jan-2026 07:37:34 UTC] send_command_form exécutée
[27-Jan-2026 07:37:36 UTC] send_command_form exécutée
[27-Jan-2026 07:37:45 UTC] send_command_form exécutée
[27-Jan-2026 07:37:54 UTC] send_command_form exécutée
[27-Jan-2026 07:38:16 UTC] send_command_form exécutée
[27-Jan-2026 07:38:45 UTC] send_command_form exécutée
[27-Jan-2026 07:38:45 UTC] send_command_form exécutée
[27-Jan-2026 07:38:48 UTC] send_command_form exécutée
[27-Jan-2026 07:38:55 UTC] send_command_form exécutée
[27-Jan-2026 07:38:56 UTC] send_command_form exécutée
[27-Jan-2026 07:39:04 UTC] send_command_form exécutée
[27-Jan-2026 07:39:13 UTC] send_command_form exécutée
[27-Jan-2026 07:39:16 UTC] send_command_form exécutée
[27-Jan-2026 07:39:19 UTC] send_command_form exécutée
[27-Jan-2026 07:39:22 UTC] send_command_form exécutée
[27-Jan-2026 07:39:30 UTC] send_command_form exécutée
[27-Jan-2026 07:39:39 UTC] send_command_form exécutée
[27-Jan-2026 07:39:39 UTC] send_command_form exécutée
[27-Jan-2026 07:39:39 UTC] send_command_form exécutée
[27-Jan-2026 07:39:42 UTC] send_command_form exécutée
[27-Jan-2026 07:39:50 UTC] send_command_form exécutée
[27-Jan-2026 07:39:51 UTC] send_command_form exécutée
[27-Jan-2026 07:39:59 UTC] send_command_form exécutée
[27-Jan-2026 07:40:08 UTC] send_command_form exécutée
[27-Jan-2026 07:40:17 UTC] send_command_form exécutée
[27-Jan-2026 07:40:25 UTC] send_command_form exécutée
[27-Jan-2026 07:40:34 UTC] send_command_form exécutée
[27-Jan-2026 07:40:43 UTC] send_command_form exécutée
[27-Jan-2026 07:40:52 UTC] send_command_form exécutée
[27-Jan-2026 07:40:52 UTC] send_command_form exécutée
[27-Jan-2026 07:41:00 UTC] send_command_form exécutée
[27-Jan-2026 07:41:09 UTC] send_command_form exécutée
[27-Jan-2026 07:41:16 UTC] send_command_form exécutée
[27-Jan-2026 07:41:19 UTC] send_command_form exécutée
[27-Jan-2026 07:41:22 UTC] send_command_form exécutée
[27-Jan-2026 07:41:30 UTC] send_command_form exécutée
[27-Jan-2026 07:41:39 UTC] send_command_form exécutée
[27-Jan-2026 07:41:48 UTC] send_command_form exécutée
[27-Jan-2026 07:41:57 UTC] send_command_form exécutée
[27-Jan-2026 07:41:57 UTC] send_command_form exécutée
[27-Jan-2026 07:42:05 UTC] send_command_form exécutée
[27-Jan-2026 07:42:14 UTC] send_command_form exécutée
[27-Jan-2026 07:42:23 UTC] send_command_form exécutée
[27-Jan-2026 07:42:32 UTC] send_command_form exécutée
[27-Jan-2026 07:42:40 UTC] send_command_form exécutée
[27-Jan-2026 07:42:49 UTC] send_command_form exécutée
[27-Jan-2026 07:42:49 UTC] send_command_form exécutée
[27-Jan-2026 07:42:58 UTC] send_command_form exécutée
[27-Jan-2026 07:43:01 UTC] send_command_form exécutée
[27-Jan-2026 07:43:07 UTC] send_command_form exécutée
[27-Jan-2026 07:43:14 UTC] send_command_form exécutée
[27-Jan-2026 07:43:15 UTC] send_command_form exécutée
[27-Jan-2026 07:43:16 UTC] send_command_form exécutée
[27-Jan-2026 07:43:17 UTC] send_command_form exécutée
[27-Jan-2026 07:43:19 UTC] send_command_form exécutée
[27-Jan-2026 07:43:22 UTC] send_command_form exécutée
[27-Jan-2026 07:43:29 UTC] send_command_form exécutée
[27-Jan-2026 07:43:30 UTC] send_command_form exécutée
[27-Jan-2026 07:43:35 UTC] send_command_form exécutée
[27-Jan-2026 07:43:39 UTC] send_command_form exécutée
[27-Jan-2026 07:43:48 UTC] send_command_form exécutée
[27-Jan-2026 07:43:57 UTC] send_command_form exécutée
[27-Jan-2026 07:43:57 UTC] send_command_form exécutée
[27-Jan-2026 07:44:06 UTC] send_command_form exécutée
[27-Jan-2026 07:44:14 UTC] send_command_form exécutée
[27-Jan-2026 07:44:23 UTC] send_command_form exécutée
[27-Jan-2026 07:44:32 UTC] send_command_form exécutée
[27-Jan-2026 07:44:41 UTC] send_command_form exécutée
[27-Jan-2026 07:44:49 UTC] send_command_form exécutée
[27-Jan-2026 07:44:49 UTC] send_command_form exécutée
[27-Jan-2026 07:44:58 UTC] send_command_form exécutée
[27-Jan-2026 07:45:07 UTC] send_command_form exécutée
[27-Jan-2026 07:45:16 UTC] send_command_form exécutée
[27-Jan-2026 07:45:16 UTC] send_command_form exécutée
[27-Jan-2026 07:45:19 UTC] send_command_form exécutée
[27-Jan-2026 07:45:22 UTC] send_command_form exécutée
[27-Jan-2026 07:45:31 UTC] send_command_form exécutée
[27-Jan-2026 07:45:39 UTC] send_command_form exécutée
[27-Jan-2026 07:45:48 UTC] send_command_form exécutée
[27-Jan-2026 07:45:57 UTC] send_command_form exécutée
[27-Jan-2026 07:45:57 UTC] send_command_form exécutée
[27-Jan-2026 07:46:05 UTC] send_command_form exécutée
[27-Jan-2026 07:46:14 UTC] send_command_form exécutée
[27-Jan-2026 07:46:23 UTC] send_command_form exécutée
[27-Jan-2026 07:46:32 UTC] send_command_form exécutée
[27-Jan-2026 07:46:41 UTC] send_command_form exécutée
[27-Jan-2026 07:46:49 UTC] send_command_form exécutée
[27-Jan-2026 07:46:49 UTC] send_command_form exécutée
[27-Jan-2026 07:46:58 UTC] send_command_form exécutée
[27-Jan-2026 07:47:07 UTC] send_command_form exécutée
[27-Jan-2026 07:47:16 UTC] send_command_form exécutée
[27-Jan-2026 07:47:16 UTC] send_command_form exécutée
[27-Jan-2026 07:47:19 UTC] send_command_form exécutée
[27-Jan-2026 07:47:22 UTC] send_command_form exécutée
[27-Jan-2026 07:47:31 UTC] send_command_form exécutée
[27-Jan-2026 07:47:39 UTC] send_command_form exécutée
[27-Jan-2026 07:47:48 UTC] send_command_form exécutée
[27-Jan-2026 07:47:48 UTC] send_command_form exécutée
[27-Jan-2026 07:47:57 UTC] send_command_form exécutée
[27-Jan-2026 07:47:57 UTC] send_command_form exécutée
[27-Jan-2026 07:48:06 UTC] send_command_form exécutée
[27-Jan-2026 07:48:14 UTC] send_command_form exécutée
[27-Jan-2026 07:48:23 UTC] send_command_form exécutée
[27-Jan-2026 07:48:32 UTC] send_command_form exécutée
[27-Jan-2026 07:48:41 UTC] send_command_form exécutée
[27-Jan-2026 07:48:49 UTC] send_command_form exécutée
[27-Jan-2026 07:48:49 UTC] send_command_form exécutée
[27-Jan-2026 07:48:58 UTC] send_command_form exécutée
[27-Jan-2026 07:48:58 UTC] send_command_form exécutée
[27-Jan-2026 07:49:07 UTC] send_command_form exécutée
[27-Jan-2026 07:49:16 UTC] send_command_form exécutée
[27-Jan-2026 07:49:16 UTC] send_command_form exécutée
[27-Jan-2026 07:49:19 UTC] send_command_form exécutée
[27-Jan-2026 07:49:22 UTC] send_command_form exécutée
[27-Jan-2026 07:49:31 UTC] send_command_form exécutée
[27-Jan-2026 07:49:39 UTC] send_command_form exécutée
[27-Jan-2026 07:49:48 UTC] send_command_form exécutée
[27-Jan-2026 07:49:57 UTC] send_command_form exécutée
[27-Jan-2026 07:49:57 UTC] send_command_form exécutée
[27-Jan-2026 07:50:06 UTC] send_command_form exécutée
[27-Jan-2026 07:50:14 UTC] send_command_form exécutée
[27-Jan-2026 07:50:23 UTC] send_command_form exécutée
[27-Jan-2026 07:50:32 UTC] send_command_form exécutée
[27-Jan-2026 07:50:41 UTC] send_command_form exécutée
[27-Jan-2026 07:50:49 UTC] send_command_form exécutée
[27-Jan-2026 07:50:49 UTC] send_command_form exécutée
[27-Jan-2026 07:50:58 UTC] send_command_form exécutée
[27-Jan-2026 07:51:07 UTC] send_command_form exécutée
[27-Jan-2026 07:51:16 UTC] send_command_form exécutée
[27-Jan-2026 07:51:24 UTC] send_command_form exécutée
[27-Jan-2026 07:51:33 UTC] send_command_form exécutée
[27-Jan-2026 07:51:42 UTC] send_command_form exécutée
[27-Jan-2026 07:51:51 UTC] send_command_form exécutée
[27-Jan-2026 07:51:51 UTC] send_command_form exécutée
[27-Jan-2026 07:51:59 UTC] send_command_form exécutée
[27-Jan-2026 07:52:08 UTC] send_command_form exécutée
[27-Jan-2026 07:52:17 UTC] send_command_form exécutée
[27-Jan-2026 07:52:26 UTC] send_command_form exécutée
[27-Jan-2026 07:52:34 UTC] send_command_form exécutée
[27-Jan-2026 07:52:43 UTC] send_command_form exécutée
[27-Jan-2026 07:52:52 UTC] send_command_form exécutée
[27-Jan-2026 07:52:52 UTC] send_command_form exécutée
[27-Jan-2026 07:53:01 UTC] send_command_form exécutée
[27-Jan-2026 07:53:10 UTC] send_command_form exécutée
[27-Jan-2026 07:53:18 UTC] send_command_form exécutée
[27-Jan-2026 07:53:27 UTC] send_command_form exécutée
[27-Jan-2026 07:53:36 UTC] send_command_form exécutée
[27-Jan-2026 07:53:45 UTC] send_command_form exécutée
[27-Jan-2026 07:53:53 UTC] send_command_form exécutée
[27-Jan-2026 07:53:53 UTC] send_command_form exécutée
[27-Jan-2026 07:54:02 UTC] send_command_form exécutée
[27-Jan-2026 07:54:02 UTC] send_command_form exécutée
[27-Jan-2026 07:54:11 UTC] send_command_form exécutée
[27-Jan-2026 07:54:20 UTC] send_command_form exécutée
[27-Jan-2026 07:54:28 UTC] send_command_form exécutée
[27-Jan-2026 07:54:37 UTC] send_command_form exécutée
[27-Jan-2026 07:54:46 UTC] send_command_form exécutée
[27-Jan-2026 07:54:55 UTC] send_command_form exécutée
[27-Jan-2026 07:54:55 UTC] send_command_form exécutée
[27-Jan-2026 07:55:03 UTC] send_command_form exécutée
[27-Jan-2026 07:55:12 UTC] send_command_form exécutée
[27-Jan-2026 07:55:21 UTC] send_command_form exécutée
[27-Jan-2026 07:55:30 UTC] send_command_form exécutée
[27-Jan-2026 07:55:38 UTC] send_command_form exécutée
[27-Jan-2026 07:55:47 UTC] send_command_form exécutée
[27-Jan-2026 07:55:56 UTC] send_command_form exécutée
[27-Jan-2026 07:55:56 UTC] send_command_form exécutée
[27-Jan-2026 07:56:00 UTC] send_command_form exécutée
[27-Jan-2026 07:56:02 UTC] send_command_form exécutée
[27-Jan-2026 07:56:05 UTC] send_command_form exécutée
[27-Jan-2026 07:56:13 UTC] send_command_form exécutée
[27-Jan-2026 07:56:22 UTC] send_command_form exécutée
[27-Jan-2026 07:56:31 UTC] send_command_form exécutée
[27-Jan-2026 07:56:40 UTC] send_command_form exécutée
[27-Jan-2026 07:56:48 UTC] send_command_form exécutée
[27-Jan-2026 07:56:57 UTC] send_command_form exécutée
[27-Jan-2026 07:56:57 UTC] send_command_form exécutée
[27-Jan-2026 07:57:00 UTC] send_command_form exécutée
[27-Jan-2026 07:57:02 UTC] send_command_form exécutée
[27-Jan-2026 07:57:05 UTC] send_command_form exécutée
[27-Jan-2026 07:57:13 UTC] send_command_form exécutée
[27-Jan-2026 07:57:22 UTC] send_command_form exécutée
[27-Jan-2026 07:57:31 UTC] send_command_form exécutée
[27-Jan-2026 07:57:40 UTC] send_command_form exécutée
[27-Jan-2026 07:57:48 UTC] send_command_form exécutée
[27-Jan-2026 07:57:57 UTC] send_command_form exécutée
[27-Jan-2026 07:57:57 UTC] send_command_form exécutée
[27-Jan-2026 07:58:06 UTC] send_command_form exécutée
[27-Jan-2026 07:58:15 UTC] send_command_form exécutée
[27-Jan-2026 07:58:23 UTC] send_command_form exécutée
[27-Jan-2026 07:58:32 UTC] send_command_form exécutée
[27-Jan-2026 07:58:41 UTC] send_command_form exécutée
[27-Jan-2026 07:58:50 UTC] send_command_form exécutée
[27-Jan-2026 07:58:50 UTC] send_command_form exécutée
[27-Jan-2026 07:58:58 UTC] send_command_form exécutée
[27-Jan-2026 07:58:59 UTC] send_command_form exécutée
[27-Jan-2026 07:59:00 UTC] send_command_form exécutée
[27-Jan-2026 07:59:02 UTC] send_command_form exécutée
[27-Jan-2026 07:59:05 UTC] send_command_form exécutée
[27-Jan-2026 07:59:13 UTC] send_command_form exécutée
[27-Jan-2026 07:59:22 UTC] send_command_form exécutée
[27-Jan-2026 07:59:31 UTC] send_command_form exécutée
[27-Jan-2026 07:59:40 UTC] send_command_form exécutée
[27-Jan-2026 07:59:48 UTC] send_command_form exécutée
[27-Jan-2026 07:59:57 UTC] send_command_form exécutée
[27-Jan-2026 07:59:57 UTC] send_command_form exécutée
[27-Jan-2026 08:00:00 UTC] send_command_form exécutée
[27-Jan-2026 08:00:02 UTC] send_command_form exécutée
[27-Jan-2026 08:00:05 UTC] send_command_form exécutée
[27-Jan-2026 08:00:13 UTC] PHP Parse error:  Unclosed '{' on line 78 in /var/www/planty/html/wp-content/themes/plantyp6child/functions.php on line 98
[27-Jan-2026 08:00:20 UTC] PHP Parse error:  Unclosed '{' on line 78 in /var/www/planty/html/wp-content/themes/plantyp6child/functions.php on line 98
[27-Jan-2026 08:00:26 UTC] PHP Parse error:  Unclosed '{' on line 78 in /var/www/planty/html/wp-content/themes/plantyp6child/functions.php on line 98
[27-Jan-2026 08:00:32 UTC] PHP Parse error:  Unclosed '{' on line 78 in /var/www/planty/html/wp-content/themes/plantyp6child/functions.php on line 98
[27-Jan-2026 08:00:38 UTC] PHP Parse error:  Unclosed '{' on line 78 in /var/www/planty/html/wp-content/themes/plantyp6child/functions.php on line 98
[27-Jan-2026 08:00:45 UTC] PHP Parse error:  Unclosed '{' on line 78 in /var/www/planty/html/wp-content/themes/plantyp6child/functions.php on line 98
[27-Jan-2026 08:00:51 UTC] PHP Parse error:  Unclosed '{' on line 78 in /var/www/planty/html/wp-content/themes/plantyp6child/functions.php on line 98
[27-Jan-2026 08:00:57 UTC] send_command_form exécutée
[27-Jan-2026 08:00:57 UTC] send_command_form exécutée
[27-Jan-2026 08:01:06 UTC] send_command_form exécutée
[27-Jan-2026 08:01:15 UTC] send_command_form exécutée
[27-Jan-2026 08:01:23 UTC] send_command_form exécutée
[27-Jan-2026 08:01:32 UTC] send_command_form exécutée
[27-Jan-2026 08:01:41 UTC] send_command_form exécutée
[27-Jan-2026 08:01:50 UTC] send_command_form exécutée
[27-Jan-2026 08:01:50 UTC] send_command_form exécutée
[27-Jan-2026 08:01:58 UTC] send_command_form exécutée
[27-Jan-2026 08:01:58 UTC] PHP Notice:  Object of class WP_Term could not be converted to int in /var/www/planty/html/wp-content/themes/plantyp6child/functions.php on line 81
[27-Jan-2026 08:01:58 UTC] send_command_form exécutée
[27-Jan-2026 08:02:00 UTC] send_command_form exécutée
[27-Jan-2026 08:02:01 UTC] send_command_form exécutée
[27-Jan-2026 08:02:01 UTC] PHP Notice:  Object of class WP_Term could not be converted to int in /var/www/planty/html/wp-content/themes/plantyp6child/functions.php on line 81
[27-Jan-2026 08:02:02 UTC] send_command_form exécutée
[27-Jan-2026 08:02:05 UTC] send_command_form exécutée
[27-Jan-2026 08:02:13 UTC] send_command_form exécutée
[27-Jan-2026 08:02:22 UTC] send_command_form exécutée
[27-Jan-2026 08:02:26 UTC] send_command_form exécutée
[27-Jan-2026 08:02:26 UTC] PHP Notice:  Object of class WP_Term could not be converted to int in /var/www/planty/html/wp-content/themes/plantyp6child/functions.php on line 81
[27-Jan-2026 08:02:31 UTC] send_command_form exécutée
[27-Jan-2026 08:02:40 UTC] send_command_form exécutée
[27-Jan-2026 08:02:48 UTC] send_command_form exécutée
[27-Jan-2026 08:02:49 UTC] send_command_form exécutée
[27-Jan-2026 08:02:57 UTC] send_command_form exécutée
[27-Jan-2026 08:03:05 UTC] send_command_form exécutée
[27-Jan-2026 08:03:07 UTC] send_command_form exécutée
[27-Jan-2026 08:03:08 UTC] send_command_form exécutée
[27-Jan-2026 08:03:30 UTC] send_command_form exécutée
[27-Jan-2026 08:03:56 UTC] send_command_form exécutée
[27-Jan-2026 08:03:56 UTC] PHP Notice:  Object of class WP_Term could not be converted to int in /var/www/planty/html/wp-content/themes/plantyp6child/functions.php on line 81
[27-Jan-2026 08:03:56 UTC] send_command_form exécutée
[27-Jan-2026 08:04:10 UTC] send_command_form exécutée
[27-Jan-2026 08:04:11 UTC] PHP Notice:  Object of class WP_Term could not be converted to int in /var/www/planty/html/wp-content/themes/plantyp6child/functions.php on line 81
[27-Jan-2026 08:04:16 UTC] send_command_form exécutée
[27-Jan-2026 08:04:16 UTC] PHP Notice:  Object of class WP_Term could not be converted to int in /var/www/planty/html/wp-content/themes/plantyp6child/functions.php on line 81
[27-Jan-2026 08:04:31 UTC] send_command_form exécutée
[27-Jan-2026 08:05:51 UTC] send_command_form exécutée
[27-Jan-2026 08:05:51 UTC] send_command_form exécutée
[27-Jan-2026 08:06:51 UTC] send_command_form exécutée
[27-Jan-2026 08:06:51 UTC] send_command_form exécutée
[27-Jan-2026 08:08:51 UTC] PHP Warning:  Undefined variable $items in /var/www/planty/html/wp-content/themes/plantyp6child/functions.php on line 80
[27-Jan-2026 08:08:51 UTC] send_command_form exécutée
[27-Jan-2026 08:08:51 UTC] PHP Warning:  Undefined variable $items in /var/www/planty/html/wp-content/themes/plantyp6child/functions.php on line 83
[27-Jan-2026 08:08:51 UTC] send_command_form exécutée
[27-Jan-2026 08:09:22 UTC] send_command_form exécutée
[27-Jan-2026 08:09:22 UTC] send_command_form exécutée
[27-Jan-2026 08:10:51 UTC] send_command_form exécutée
[27-Jan-2026 08:10:51 UTC] send_command_form exécutée
[27-Jan-2026 08:12:51 UTC] send_command_form exécutée
[27-Jan-2026 08:12:51 UTC] send_command_form exécutée
[27-Jan-2026 08:14:51 UTC] send_command_form exécutée
[27-Jan-2026 08:14:51 UTC] send_command_form exécutée
[27-Jan-2026 08:26:15 UTC] send_command_form exécutée
[27-Jan-2026 08:26:15 UTC] send_command_form exécutée
[27-Jan-2026 08:27:14 UTC] send_command_form exécutée
[27-Jan-2026 08:27:14 UTC] send_command_form exécutée
[27-Jan-2026 08:29:03 UTC] send_command_form exécutée
[27-Jan-2026 08:29:03 UTC] send_command_form exécutée
[27-Jan-2026 08:30:03 UTC] send_command_form exécutée
[27-Jan-2026 08:30:03 UTC] send_command_form exécutée
[27-Jan-2026 08:31:53 UTC] send_command_form exécutée
[27-Jan-2026 08:31:54 UTC] send_command_form exécutée
[27-Jan-2026 08:31:57 UTC] send_command_form exécutée
[27-Jan-2026 08:31:57 UTC] send_command_form exécutée
[27-Jan-2026 08:32:03 UTC] send_command_form exécutée
[27-Jan-2026 08:32:03 UTC] send_command_form exécutée
[27-Jan-2026 08:32:04 UTC] send_command_form exécutée
[27-Jan-2026 08:32:04 UTC] send_command_form exécutée
[27-Jan-2026 08:32:15 UTC] send_command_form exécutée
[27-Jan-2026 08:32:19 UTC] send_command_form exécutée
[27-Jan-2026 08:33:03 UTC] send_command_form exécutée
[27-Jan-2026 08:33:03 UTC] send_command_form exécutée
[27-Jan-2026 08:35:03 UTC] send_command_form exécutée
[27-Jan-2026 08:35:03 UTC] send_command_form exécutée
[27-Jan-2026 08:37:03 UTC] send_command_form exécutée
[27-Jan-2026 08:37:03 UTC] send_command_form exécutée
[27-Jan-2026 08:38:03 UTC] send_command_form exécutée
[27-Jan-2026 08:38:03 UTC] send_command_form exécutée
[27-Jan-2026 08:38:36 UTC] send_command_form exécutée
[27-Jan-2026 08:38:38 UTC] send_command_form exécutée
[27-Jan-2026 08:38:42 UTC] send_command_form exécutée
[27-Jan-2026 08:38:45 UTC] send_command_form exécutée
[27-Jan-2026 08:38:47 UTC] send_command_form exécutée
[27-Jan-2026 08:38:50 UTC] send_command_form exécutée
[27-Jan-2026 08:38:50 UTC] send_command_form exécutée
[27-Jan-2026 08:38:50 UTC] send_command_form exécutée
[27-Jan-2026 08:38:56 UTC] send_command_form exécutée
[27-Jan-2026 08:38:56 UTC] send_command_form exécutée
[27-Jan-2026 08:38:56 UTC] send_command_form exécutée
[27-Jan-2026 08:39:03 UTC] send_command_form exécutée
[27-Jan-2026 08:39:03 UTC] send_command_form exécutée
[27-Jan-2026 08:39:08 UTC] send_command_form exécutée
[27-Jan-2026 08:39:08 UTC] send_command_form exécutée
[27-Jan-2026 08:39:11 UTC] send_command_form exécutée
[27-Jan-2026 08:40:01 UTC] send_command_form exécutée
[27-Jan-2026 08:40:01 UTC] send_command_form exécutée
[27-Jan-2026 08:40:09 UTC] send_command_form exécutée
[27-Jan-2026 08:42:09 UTC] send_command_form exécutée
[27-Jan-2026 08:42:09 UTC] send_command_form exécutée
[27-Jan-2026 08:44:09 UTC] send_command_form exécutée
[27-Jan-2026 08:44:09 UTC] send_command_form exécutée
[27-Jan-2026 08:46:09 UTC] send_command_form exécutée
[27-Jan-2026 08:46:09 UTC] send_command_form exécutée
[27-Jan-2026 08:48:09 UTC] send_command_form exécutée
[27-Jan-2026 08:48:09 UTC] send_command_form exécutée
[27-Jan-2026 08:50:09 UTC] send_command_form exécutée
[27-Jan-2026 08:50:09 UTC] send_command_form exécutée
[27-Jan-2026 08:52:09 UTC] send_command_form exécutée
[27-Jan-2026 08:52:09 UTC] send_command_form exécutée
[27-Jan-2026 08:54:09 UTC] send_command_form exécutée
[27-Jan-2026 08:54:09 UTC] send_command_form exécutée
[27-Jan-2026 15:22:05 UTC] send_command_form exécutée
[27-Jan-2026 15:22:06 UTC] send_command_form exécutée
[27-Jan-2026 15:22:07 UTC] send_command_form exécutée
[27-Jan-2026 15:22:08 UTC] Automatic updates starting...
[27-Jan-2026 15:22:08 UTC]   Automatic plugin updates starting...
[27-Jan-2026 15:22:08 UTC]   Automatic plugin updates complete.
[27-Jan-2026 15:22:08 UTC] Automatic updates complete.
[27-Jan-2026 15:22:11 UTC] send_command_form exécutée
[27-Jan-2026 15:24:05 UTC] send_command_form exécutée
[27-Jan-2026 15:24:05 UTC] send_command_form exécutée
[27-Jan-2026 15:26:05 UTC] send_command_form exécutée
[27-Jan-2026 15:26:05 UTC] send_command_form exécutée
[27-Jan-2026 15:28:05 UTC] send_command_form exécutée
[27-Jan-2026 15:28:05 UTC] send_command_form exécutée
[27-Jan-2026 15:30:05 UTC] send_command_form exécutée
[27-Jan-2026 15:30:05 UTC] send_command_form exécutée
[27-Jan-2026 15:32:05 UTC] send_command_form exécutée
[27-Jan-2026 15:32:05 UTC] send_command_form exécutée
[27-Jan-2026 15:32:47 UTC] send_command_form exécutée
[27-Jan-2026 15:32:48 UTC] send_command_form exécutée
[27-Jan-2026 15:32:51 UTC] send_command_form exécutée
[27-Jan-2026 15:32:51 UTC] send_command_form exécutée
[27-Jan-2026 15:33:01 UTC] send_command_form exécutée
[27-Jan-2026 15:33:03 UTC] send_command_form exécutée
[27-Jan-2026 15:33:04 UTC] send_command_form exécutée
[27-Jan-2026 15:33:06 UTC] send_command_form exécutée
[27-Jan-2026 15:33:09 UTC] send_command_form exécutée
[27-Jan-2026 15:33:09 UTC] send_command_form exécutée
[27-Jan-2026 15:33:09 UTC] send_command_form exécutée
[27-Jan-2026 15:33:09 UTC] send_command_form exécutée
[27-Jan-2026 15:33:10 UTC] send_command_form exécutée
[27-Jan-2026 15:33:10 UTC] send_command_form exécutée
[27-Jan-2026 15:33:10 UTC] send_command_form exécutée
[27-Jan-2026 15:33:13 UTC] send_command_form exécutée
[27-Jan-2026 15:33:15 UTC] send_command_form exécutée
[27-Jan-2026 15:33:17 UTC] send_command_form exécutée
[27-Jan-2026 15:34:05 UTC] send_command_form exécutée
[27-Jan-2026 15:34:05 UTC] send_command_form exécutée
[27-Jan-2026 15:34:44 UTC] send_command_form exécutée
[27-Jan-2026 15:34:44 UTC] FILTER EXECUTÉ
[27-Jan-2026 15:36:05 UTC] send_command_form exécutée
[27-Jan-2026 15:36:05 UTC] send_command_form exécutée
[27-Jan-2026 15:36:29 UTC] send_command_form exécutée
[27-Jan-2026 15:37:24 UTC] send_command_form exécutée
[27-Jan-2026 15:37:24 UTC] send_command_form exécutée
[27-Jan-2026 15:37:34 UTC] send_command_form exécutée
[27-Jan-2026 15:37:38 UTC] send_command_form exécutée
[27-Jan-2026 15:37:38 UTC] send_command_form exécutée
[27-Jan-2026 15:37:44 UTC] send_command_form exécutée
[27-Jan-2026 15:37:44 UTC] send_command_form exécutée
[27-Jan-2026 15:38:05 UTC] send_command_form exécutée
[27-Jan-2026 15:38:05 UTC] send_command_form exécutée
[27-Jan-2026 15:38:05 UTC] send_command_form exécutée
[27-Jan-2026 15:40:06 UTC] send_command_form exécutée
[27-Jan-2026 15:40:06 UTC] send_command_form exécutée
[27-Jan-2026 15:41:42 UTC] send_command_form exécutée
[27-Jan-2026 15:41:42 UTC] send_command_form exécutée
[27-Jan-2026 15:41:45 UTC] send_command_form exécutée
[27-Jan-2026 15:42:42 UTC] send_command_form exécutée
[27-Jan-2026 15:42:42 UTC] send_command_form exécutée
[27-Jan-2026 15:44:42 UTC] send_command_form exécutée
[27-Jan-2026 15:44:42 UTC] send_command_form exécutée
[27-Jan-2026 15:46:42 UTC] send_command_form exécutée
[27-Jan-2026 15:46:42 UTC] send_command_form exécutée
[27-Jan-2026 15:48:42 UTC] send_command_form exécutée
[27-Jan-2026 15:48:42 UTC] send_command_form exécutée
[27-Jan-2026 15:50:42 UTC] send_command_form exécutée
[27-Jan-2026 15:50:42 UTC] send_command_form exécutée
[27-Jan-2026 17:46:27 UTC] send_command_form exécutée
[27-Jan-2026 17:46:27 UTC] send_command_form exécutée
[27-Jan-2026 17:48:18 UTC] send_command_form exécutée
[27-Jan-2026 17:48:18 UTC] send_command_form exécutée
[27-Jan-2026 17:48:18 UTC] send_command_form exécutée
[27-Jan-2026 17:48:27 UTC] send_command_form exécutée
[27-Jan-2026 17:48:27 UTC] send_command_form exécutée
[27-Jan-2026 17:48:35 UTC] send_command_form exécutée
[27-Jan-2026 17:48:37 UTC] send_command_form exécutée
[27-Jan-2026 17:48:57 UTC] send_command_form exécutée
[27-Jan-2026 17:48:58 UTC] send_command_form exécutée
[27-Jan-2026 17:48:58 UTC] send_command_form exécutée
[27-Jan-2026 17:49:02 UTC] send_command_form exécutée
[27-Jan-2026 17:49:06 UTC] send_command_form exécutée
[27-Jan-2026 17:49:58 UTC] send_command_form exécutée
[27-Jan-2026 17:49:58 UTC] send_command_form exécutée
[27-Jan-2026 17:50:05 UTC] PHP Warning:  Undefined variable $args in /var/www/planty/html/wp-content/themes/plantyp6child/functions.php on line 115
[27-Jan-2026 17:50:05 UTC] 
[27-Jan-2026 17:50:05 UTC] send_command_form exécutée
[27-Jan-2026 17:50:06 UTC] PHP Warning:  Undefined variable $args in /var/www/planty/html/wp-content/themes/plantyp6child/functions.php on line 115
[27-Jan-2026 17:50:06 UTC] 
[27-Jan-2026 17:50:06 UTC] send_command_form exécutée
[27-Jan-2026 17:51:58 UTC] PHP Warning:  Undefined variable $args in /var/www/planty/html/wp-content/themes/plantyp6child/functions.php on line 115
[27-Jan-2026 17:51:58 UTC] 
[27-Jan-2026 17:51:58 UTC] send_command_form exécutée
[27-Jan-2026 17:51:58 UTC] PHP Warning:  Undefined variable $args in /var/www/planty/html/wp-content/themes/plantyp6child/functions.php on line 115
[27-Jan-2026 17:51:58 UTC] 
[27-Jan-2026 17:51:58 UTC] send_command_form exécutée
[27-Jan-2026 17:53:58 UTC] PHP Warning:  Undefined variable $args in /var/www/planty/html/wp-content/themes/plantyp6child/functions.php on line 115
[27-Jan-2026 17:53:58 UTC] 
[27-Jan-2026 17:53:58 UTC] send_command_form exécutée
[27-Jan-2026 17:53:58 UTC] PHP Warning:  Undefined variable $args in /var/www/planty/html/wp-content/themes/plantyp6child/functions.php on line 115
[27-Jan-2026 17:53:58 UTC] 
[27-Jan-2026 17:53:58 UTC] send_command_form exécutée
[27-Jan-2026 17:55:58 UTC] PHP Warning:  Undefined variable $args in /var/www/planty/html/wp-content/themes/plantyp6child/functions.php on line 115
[27-Jan-2026 17:55:58 UTC] 
[27-Jan-2026 17:55:58 UTC] send_command_form exécutée
[27-Jan-2026 17:55:58 UTC] PHP Warning:  Undefined variable $args in /var/www/planty/html/wp-content/themes/plantyp6child/functions.php on line 115
[27-Jan-2026 17:55:58 UTC] 
[27-Jan-2026 17:55:58 UTC] send_command_form exécutée
[27-Jan-2026 17:57:58 UTC] PHP Warning:  Undefined variable $args in /var/www/planty/html/wp-content/themes/plantyp6child/functions.php on line 115
[27-Jan-2026 17:57:58 UTC] 
[27-Jan-2026 17:57:58 UTC] send_command_form exécutée
[27-Jan-2026 17:57:58 UTC] PHP Warning:  Undefined variable $args in /var/www/planty/html/wp-content/themes/plantyp6child/functions.php on line 115
[27-Jan-2026 17:57:58 UTC] 
[27-Jan-2026 17:57:58 UTC] send_command_form exécutée
[27-Jan-2026 18:12:59 UTC] send_command_form exécutée
[27-Jan-2026 18:12:59 UTC] send_command_form exécutée
[27-Jan-2026 18:13:59 UTC] send_command_form exécutée
[27-Jan-2026 18:13:59 UTC] send_command_form exécutée
[27-Jan-2026 18:15:59 UTC] send_command_form exécutée
[27-Jan-2026 18:15:59 UTC] send_command_form exécutée
[27-Jan-2026 18:16:59 UTC] send_command_form exécutée
[27-Jan-2026 18:16:59 UTC] send_command_form exécutée
[27-Jan-2026 18:16:59 UTC] send_command_form exécutée
[27-Jan-2026 18:16:59 UTC] send_command_form exécutée
[27-Jan-2026 18:17:05 UTC] send_command_form exécutée
[27-Jan-2026 18:17:05 UTC] send_command_form exécutée
[27-Jan-2026 18:17:48 UTC] send_command_form exécutée
[27-Jan-2026 18:17:48 UTC] send_command_form exécutée
[27-Jan-2026 18:17:48 UTC] send_command_form exécutée
[27-Jan-2026 18:17:52 UTC] send_command_form exécutée
[27-Jan-2026 18:17:52 UTC] send_command_form exécutée
[27-Jan-2026 18:17:55 UTC] send_command_form exécutée
[27-Jan-2026 18:18:52 UTC] send_command_form exécutée
[27-Jan-2026 18:18:53 UTC] send_command_form exécutée
[27-Jan-2026 18:20:48 UTC] send_command_form exécutée
[27-Jan-2026 18:20:48 UTC] send_command_form exécutée
[27-Jan-2026 18:20:52 UTC] send_command_form exécutée
[27-Jan-2026 18:20:52 UTC] send_command_form exécutée
[27-Jan-2026 18:21:38 UTC] send_command_form exécutée
[27-Jan-2026 18:21:42 UTC] send_command_form exécutée
[27-Jan-2026 18:22:37 UTC] send_command_form exécutée
[27-Jan-2026 18:22:37 UTC] send_command_form exécutée
[27-Jan-2026 18:22:39 UTC] send_command_form exécutée
[27-Jan-2026 18:22:42 UTC] send_command_form exécutée
[27-Jan-2026 18:22:45 UTC] send_command_form exécutée
[27-Jan-2026 18:23:43 UTC] send_command_form exécutée
[27-Jan-2026 18:23:43 UTC] send_command_form exécutée
[27-Jan-2026 18:25:43 UTC] send_command_form exécutée
[27-Jan-2026 18:25:43 UTC] send_command_form exécutée
[27-Jan-2026 18:25:53 UTC] send_command_form exécutée
[27-Jan-2026 18:25:53 UTC] send_command_form exécutée
[27-Jan-2026 18:26:07 UTC] send_command_form exécutée
[27-Jan-2026 18:26:30 UTC] send_command_form exécutée
[27-Jan-2026 18:27:43 UTC] send_command_form exécutée
[27-Jan-2026 18:27:43 UTC] send_command_form exécutée
[27-Jan-2026 18:29:43 UTC] send_command_form exécutée
[27-Jan-2026 18:29:43 UTC] send_command_form exécutée
[27-Jan-2026 18:31:43 UTC] send_command_form exécutée
[27-Jan-2026 18:31:43 UTC] send_command_form exécutée
[27-Jan-2026 18:33:43 UTC] send_command_form exécutée
[27-Jan-2026 18:33:43 UTC] send_command_form exécutée
[27-Jan-2026 18:35:43 UTC] send_command_form exécutée
[27-Jan-2026 18:35:43 UTC] send_command_form exécutée
[27-Jan-2026 18:37:43 UTC] send_command_form exécutée
[27-Jan-2026 18:37:43 UTC] send_command_form exécutée
[27-Jan-2026 18:39:43 UTC] send_command_form exécutée
[27-Jan-2026 18:39:43 UTC] send_command_form exécutée
[27-Jan-2026 18:41:43 UTC] send_command_form exécutée
[27-Jan-2026 18:41:43 UTC] send_command_form exécutée
[27-Jan-2026 18:50:00 UTC] send_command_form exécutée
[27-Jan-2026 18:50:00 UTC] send_command_form exécutée
[27-Jan-2026 18:50:58 UTC] send_command_form exécutée
[27-Jan-2026 18:50:59 UTC] send_command_form exécutée
[27-Jan-2026 18:52:58 UTC] send_command_form exécutée
[27-Jan-2026 18:52:59 UTC] send_command_form exécutée
[27-Jan-2026 18:54:58 UTC] send_command_form exécutée
[27-Jan-2026 18:54:59 UTC] send_command_form exécutée
[27-Jan-2026 18:56:23 UTC] send_command_form exécutée
[27-Jan-2026 18:56:23 UTC] send_command_form exécutée
[27-Jan-2026 18:57:23 UTC] send_command_form exécutée
[27-Jan-2026 18:57:23 UTC] send_command_form exécutée
[27-Jan-2026 18:59:23 UTC] send_command_form exécutée
[27-Jan-2026 18:59:23 UTC] send_command_form exécutée
[27-Jan-2026 19:01:23 UTC] send_command_form exécutée
[27-Jan-2026 19:01:23 UTC] send_command_form exécutée
[27-Jan-2026 19:03:23 UTC] send_command_form exécutée
[27-Jan-2026 19:03:23 UTC] send_command_form exécutée
[27-Jan-2026 19:04:33 UTC] send_command_form exécutée
[27-Jan-2026 19:04:33 UTC] send_command_form exécutée
[27-Jan-2026 19:05:33 UTC] send_command_form exécutée
[27-Jan-2026 19:05:34 UTC] send_command_form exécutée
[27-Jan-2026 19:06:44 UTC] send_command_form exécutée
[27-Jan-2026 19:06:45 UTC] send_command_form exécutée
[27-Jan-2026 19:07:45 UTC] send_command_form exécutée
[27-Jan-2026 19:07:45 UTC] send_command_form exécutée
[27-Jan-2026 19:08:45 UTC] send_command_form exécutée
[27-Jan-2026 19:08:45 UTC] send_command_form exécutée
[27-Jan-2026 19:09:44 UTC] send_command_form exécutée
[27-Jan-2026 19:09:45 UTC] send_command_form exécutée
[27-Jan-2026 19:10:45 UTC] send_command_form exécutée
[27-Jan-2026 19:10:45 UTC] send_command_form exécutée
[27-Jan-2026 19:11:44 UTC] send_command_form exécutée
[27-Jan-2026 19:11:45 UTC] send_command_form exécutée
[27-Jan-2026 19:12:45 UTC] send_command_form exécutée
[27-Jan-2026 19:12:45 UTC] send_command_form exécutée
[27-Jan-2026 19:14:45 UTC] send_command_form exécutée
[27-Jan-2026 19:14:45 UTC] send_command_form exécutée
[27-Jan-2026 19:16:45 UTC] send_command_form exécutée
[27-Jan-2026 19:16:45 UTC] send_command_form exécutée
[27-Jan-2026 22:35:05 UTC] send_command_form exécutée
[27-Jan-2026 22:35:05 UTC] send_command_form exécutée
[28-Jan-2026 06:50:19 UTC] send_command_form exécutée
[28-Jan-2026 06:50:19 UTC] send_command_form exécutée
[28-Jan-2026 06:50:19 UTC] send_command_form exécutée
[28-Jan-2026 06:50:21 UTC] Automatic updates starting...
[28-Jan-2026 06:50:21 UTC]   Automatic plugin updates starting...
[28-Jan-2026 06:50:21 UTC]   Automatic plugin updates complete.
[28-Jan-2026 06:50:22 UTC] Automatic updates complete.
[28-Jan-2026 06:50:36 UTC] send_command_form exécutée
[28-Jan-2026 06:50:37 UTC] send_command_form exécutée
[28-Jan-2026 06:50:41 UTC] send_command_form exécutée
[28-Jan-2026 06:50:41 UTC] send_command_form exécutée
[28-Jan-2026 06:51:41 UTC] send_command_form exécutée
[28-Jan-2026 06:51:41 UTC] send_command_form exécutée
[28-Jan-2026 06:52:41 UTC] send_command_form exécutée
[28-Jan-2026 06:52:41 UTC] send_command_form exécutée
[28-Jan-2026 06:54:41 UTC] send_command_form exécutée
[28-Jan-2026 06:54:42 UTC] send_command_form exécutée
[28-Jan-2026 06:55:41 UTC] send_command_form exécutée
[28-Jan-2026 06:55:41 UTC] send_command_form exécutée
[28-Jan-2026 06:57:41 UTC] send_command_form exécutée
[28-Jan-2026 06:57:42 UTC] send_command_form exécutée
[28-Jan-2026 06:59:41 UTC] send_command_form exécutée
[28-Jan-2026 06:59:42 UTC] send_command_form exécutée
[28-Jan-2026 07:00:42 UTC] send_command_form exécutée
[28-Jan-2026 07:00:42 UTC] send_command_form exécutée
[28-Jan-2026 07:02:29 UTC] send_command_form exécutée
[28-Jan-2026 07:02:29 UTC] send_command_form exécutée
[28-Jan-2026 07:03:29 UTC] send_command_form exécutée
[28-Jan-2026 07:03:29 UTC] send_command_form exécutée
[28-Jan-2026 07:05:29 UTC] send_command_form exécutée
[28-Jan-2026 07:05:29 UTC] send_command_form exécutée
[28-Jan-2026 07:06:43 UTC] send_command_form exécutée
[28-Jan-2026 07:06:43 UTC] send_command_form exécutée
[28-Jan-2026 07:06:48 UTC] send_command_form exécutée
[28-Jan-2026 07:07:03 UTC] send_command_form exécutée
[28-Jan-2026 07:07:04 UTC] send_command_form exécutée
[28-Jan-2026 07:07:07 UTC] send_command_form exécutée
[28-Jan-2026 07:07:24 UTC] send_command_form exécutée
[28-Jan-2026 07:07:28 UTC] send_command_form exécutée
[28-Jan-2026 07:07:29 UTC] send_command_form exécutée
[28-Jan-2026 07:07:37 UTC] send_command_form exécutée
[28-Jan-2026 07:07:54 UTC] send_command_form exécutée
[28-Jan-2026 07:07:55 UTC] send_command_form exécutée
[28-Jan-2026 07:07:58 UTC] send_command_form exécutée
[28-Jan-2026 07:09:29 UTC] send_command_form exécutée
[28-Jan-2026 07:09:29 UTC] send_command_form exécutée
[28-Jan-2026 07:10:14 UTC] send_command_form exécutée
[28-Jan-2026 07:10:14 UTC] send_command_form exécutée
[28-Jan-2026 07:10:17 UTC] send_command_form exécutée
[28-Jan-2026 07:11:29 UTC] send_command_form exécutée
[28-Jan-2026 07:11:30 UTC] send_command_form exécutée
[28-Jan-2026 07:16:06 UTC] PHP Parse error:  syntax error, unexpected token ">" in /var/www/planty/html/wp-content/themes/plantyp6child/functions.php on line 100
[28-Jan-2026 07:16:06 UTC] PHP Parse error:  syntax error, unexpected token ">" in /var/www/planty/html/wp-content/themes/plantyp6child/functions.php on line 100
[28-Jan-2026 07:17:50 UTC] send_command_form exécutée
[28-Jan-2026 07:17:50 UTC] send_command_form exécutée
[28-Jan-2026 07:22:18 UTC] send_command_form exécutée
[28-Jan-2026 07:22:18 UTC] send_command_form exécutée
[28-Jan-2026 07:22:32 UTC] send_command_form exécutée
[28-Jan-2026 07:22:37 UTC] send_command_form exécutée
[28-Jan-2026 07:22:48 UTC] send_command_form exécutée
[28-Jan-2026 07:22:49 UTC] send_command_form exécutée
[28-Jan-2026 07:22:52 UTC] send_command_form exécutée
[28-Jan-2026 07:24:31 UTC] send_command_form exécutée
[28-Jan-2026 07:24:31 UTC] send_command_form exécutée
[28-Jan-2026 07:24:34 UTC] send_command_form exécutée
[28-Jan-2026 07:24:59 UTC] send_command_form exécutée
[28-Jan-2026 07:24:59 UTC] send_command_form exécutée
[28-Jan-2026 07:25:41 UTC] send_command_form exécutée
[28-Jan-2026 07:26:40 UTC] send_command_form exécutée
[28-Jan-2026 07:26:40 UTC] send_command_form exécutée
[28-Jan-2026 07:26:57 UTC] send_command_form exécutée
[28-Jan-2026 07:26:58 UTC] send_command_form exécutée
[28-Jan-2026 07:27:01 UTC] send_command_form exécutée
[28-Jan-2026 07:27:11 UTC] send_command_form exécutée
[28-Jan-2026 07:27:17 UTC] send_command_form exécutée
[28-Jan-2026 07:27:20 UTC] send_command_form exécutée
[28-Jan-2026 07:27:44 UTC] send_command_form exécutée
[28-Jan-2026 07:28:04 UTC] send_command_form exécutée
[28-Jan-2026 07:28:04 UTC] send_command_form exécutée
[28-Jan-2026 07:28:08 UTC] send_command_form exécutée
[28-Jan-2026 07:28:17 UTC] send_command_form exécutée
[28-Jan-2026 07:28:22 UTC] send_command_form exécutée
[28-Jan-2026 07:28:27 UTC] send_command_form exécutée
[28-Jan-2026 07:55:02 UTC] send_command_form exécutée
[28-Jan-2026 07:55:03 UTC] send_command_form exécutée
[28-Jan-2026 07:55:03 UTC] send_command_form exécutée
[28-Jan-2026 07:55:10 UTC] send_command_form exécutée
[28-Jan-2026 07:55:10 UTC] send_command_form exécutée
[28-Jan-2026 07:55:57 UTC] send_command_form exécutée
[28-Jan-2026 07:55:57 UTC] send_command_form exécutée
[28-Jan-2026 07:55:59 UTC] send_command_form exécutée
[28-Jan-2026 07:56:00 UTC] send_command_form exécutée
[28-Jan-2026 07:56:03 UTC] send_command_form exécutée
[28-Jan-2026 07:56:08 UTC] send_command_form exécutée
[28-Jan-2026 07:56:21 UTC] send_command_form exécutée
[28-Jan-2026 07:56:37 UTC] send_command_form exécutée
[28-Jan-2026 07:56:45 UTC] send_command_form exécutée
[28-Jan-2026 07:56:49 UTC] send_command_form exécutée
[28-Jan-2026 07:56:49 UTC] send_command_form exécutée
[28-Jan-2026 07:57:00 UTC] send_command_form exécutée
[28-Jan-2026 07:57:29 UTC] send_command_form exécutée
[28-Jan-2026 07:57:31 UTC] send_command_form exécutée
[28-Jan-2026 07:57:37 UTC] send_command_form exécutée
[28-Jan-2026 07:57:41 UTC] send_command_form exécutée
[28-Jan-2026 07:57:46 UTC] send_command_form exécutée
[28-Jan-2026 07:57:54 UTC] send_command_form exécutée
[28-Jan-2026 07:57:55 UTC] send_command_form exécutée
[28-Jan-2026 07:58:00 UTC] send_command_form exécutée
[28-Jan-2026 07:58:01 UTC] send_command_form exécutée
[28-Jan-2026 07:58:10 UTC] send_command_form exécutée
[28-Jan-2026 07:58:13 UTC] send_command_form exécutée
[28-Jan-2026 07:59:04 UTC] send_command_form exécutée
[28-Jan-2026 07:59:04 UTC] send_command_form exécutée
[28-Jan-2026 08:00:04 UTC] send_command_form exécutée
[28-Jan-2026 08:00:04 UTC] send_command_form exécutée
[28-Jan-2026 08:02:04 UTC] send_command_form exécutée
[28-Jan-2026 08:02:04 UTC] send_command_form exécutée
[28-Jan-2026 08:03:04 UTC] send_command_form exécutée
[28-Jan-2026 08:03:04 UTC] send_command_form exécutée
[28-Jan-2026 08:04:04 UTC] send_command_form exécutée
[28-Jan-2026 08:04:04 UTC] send_command_form exécutée
[28-Jan-2026 08:05:04 UTC] send_command_form exécutée
[28-Jan-2026 08:05:04 UTC] send_command_form exécutée
[28-Jan-2026 08:07:04 UTC] send_command_form exécutée
[28-Jan-2026 08:07:04 UTC] send_command_form exécutée
[28-Jan-2026 08:09:04 UTC] send_command_form exécutée
[28-Jan-2026 08:09:05 UTC] send_command_form exécutée
[28-Jan-2026 08:09:05 UTC] send_command_form exécutée
[28-Jan-2026 08:09:10 UTC] send_command_form exécutée
[28-Jan-2026 08:09:57 UTC] send_command_form exécutée
[28-Jan-2026 08:09:57 UTC] send_command_form exécutée
[28-Jan-2026 08:10:26 UTC] send_command_form exécutée
[28-Jan-2026 08:10:26 UTC] send_command_form exécutée
[28-Jan-2026 08:11:05 UTC] send_command_form exécutée
[28-Jan-2026 08:11:05 UTC] send_command_form exécutée
[28-Jan-2026 08:13:05 UTC] send_command_form exécutée
[28-Jan-2026 08:13:05 UTC] send_command_form exécutée
[28-Jan-2026 08:14:02 UTC] send_command_form exécutée
[28-Jan-2026 08:14:02 UTC] send_command_form exécutée
[28-Jan-2026 08:14:15 UTC] send_command_form exécutée
[28-Jan-2026 08:14:47 UTC] send_command_form exécutée
[28-Jan-2026 08:15:10 UTC] send_command_form exécutée
[28-Jan-2026 08:15:10 UTC] send_command_form exécutée
[28-Jan-2026 08:17:01 UTC] send_command_form exécutée
[28-Jan-2026 08:17:01 UTC] send_command_form exécutée
[28-Jan-2026 08:18:09 UTC] send_command_form exécutée
[28-Jan-2026 08:18:09 UTC] send_command_form exécutée
[28-Jan-2026 08:18:59 UTC] send_command_form exécutée
[28-Jan-2026 08:18:59 UTC] send_command_form exécutée
[28-Jan-2026 08:19:04 UTC] send_command_form exécutée
[28-Jan-2026 08:19:20 UTC] send_command_form exécutée
[28-Jan-2026 08:19:49 UTC] send_command_form exécutée
[28-Jan-2026 08:19:49 UTC] send_command_form exécutée
[28-Jan-2026 08:19:54 UTC] send_command_form exécutée
[28-Jan-2026 08:20:35 UTC] send_command_form exécutée
[28-Jan-2026 08:21:25 UTC] send_command_form exécutée
[28-Jan-2026 08:21:25 UTC] send_command_form exécutée
[28-Jan-2026 08:26:44 UTC] send_command_form exécutée
[28-Jan-2026 08:26:44 UTC] send_command_form exécutée
[28-Jan-2026 08:27:53 UTC] send_command_form exécutée
[28-Jan-2026 08:27:54 UTC] send_command_form exécutée
[28-Jan-2026 08:28:07 UTC] send_command_form exécutée
[28-Jan-2026 08:28:18 UTC] send_command_form exécutée
[28-Jan-2026 08:28:34 UTC] send_command_form exécutée
[28-Jan-2026 08:28:47 UTC] send_command_form exécutée
[28-Jan-2026 08:28:58 UTC] send_command_form exécutée
[28-Jan-2026 08:28:58 UTC] send_command_form exécutée
[28-Jan-2026 08:30:06 UTC] send_command_form exécutée
[28-Jan-2026 08:30:06 UTC] send_command_form exécutée
[28-Jan-2026 08:30:36 UTC] send_command_form exécutée
[28-Jan-2026 08:31:12 UTC] send_command_form exécutée
[28-Jan-2026 08:31:13 UTC] send_command_form exécutée
[28-Jan-2026 08:31:39 UTC] send_command_form exécutée
[28-Jan-2026 08:35:47 UTC] send_command_form exécutée
[28-Jan-2026 08:35:48 UTC] send_command_form exécutée
[28-Jan-2026 08:36:30 UTC] send_command_form exécutée
[28-Jan-2026 08:36:31 UTC] send_command_form exécutée
[28-Jan-2026 08:37:10 UTC] send_command_form exécutée
[28-Jan-2026 08:37:10 UTC] send_command_form exécutée
[28-Jan-2026 08:37:55 UTC] send_command_form exécutée
[28-Jan-2026 08:37:55 UTC] send_command_form exécutée
[28-Jan-2026 08:38:13 UTC] send_command_form exécutée
[28-Jan-2026 08:38:44 UTC] send_command_form exécutée
[28-Jan-2026 08:38:58 UTC] send_command_form exécutée
[28-Jan-2026 08:38:58 UTC] send_command_form exécutée
[28-Jan-2026 08:39:29 UTC] send_command_form exécutée
[28-Jan-2026 08:41:39 UTC] send_command_form exécutée
[28-Jan-2026 08:41:39 UTC] send_command_form exécutée
[28-Jan-2026 08:42:03 UTC] send_command_form exécutée
[28-Jan-2026 08:42:04 UTC] send_command_form exécutée
[28-Jan-2026 08:42:33 UTC] send_command_form exécutée
[28-Jan-2026 08:42:55 UTC] send_command_form exécutée
[28-Jan-2026 08:42:55 UTC] send_command_form exécutée
[28-Jan-2026 08:44:50 UTC] send_command_form exécutée
[28-Jan-2026 08:44:50 UTC] send_command_form exécutée
[28-Jan-2026 08:45:35 UTC] send_command_form exécutée
[28-Jan-2026 08:47:13 UTC] send_command_form exécutée
[28-Jan-2026 08:47:13 UTC] send_command_form exécutée
[28-Jan-2026 08:47:39 UTC] send_command_form exécutée
[28-Jan-2026 08:47:49 UTC] send_command_form exécutée
[28-Jan-2026 08:47:49 UTC] send_command_form exécutée
[28-Jan-2026 08:47:52 UTC] send_command_form exécutée
[28-Jan-2026 08:48:01 UTC] send_command_form exécutée
[28-Jan-2026 08:48:12 UTC] send_command_form exécutée
[28-Jan-2026 08:53:15 UTC] send_command_form exécutée
[28-Jan-2026 08:53:15 UTC] send_command_form exécutée
[28-Jan-2026 08:53:15 UTC] send_command_form exécutée
[28-Jan-2026 08:53:20 UTC] send_command_form exécutée
[28-Jan-2026 08:53:20 UTC] send_command_form exécutée
[28-Jan-2026 08:53:42 UTC] send_command_form exécutée
[28-Jan-2026 08:53:42 UTC] send_command_form exécutée
[28-Jan-2026 08:53:45 UTC] send_command_form exécutée
[28-Jan-2026 08:53:49 UTC] send_command_form exécutée
[28-Jan-2026 08:53:49 UTC] send_command_form exécutée
[28-Jan-2026 08:54:38 UTC] send_command_form exécutée
[28-Jan-2026 08:54:38 UTC] send_command_form exécutée
[28-Jan-2026 08:54:42 UTC] send_command_form exécutée
[28-Jan-2026 08:54:51 UTC] send_command_form exécutée
[28-Jan-2026 08:54:51 UTC] send_command_form exécutée
[28-Jan-2026 08:55:06 UTC] send_command_form exécutée
[28-Jan-2026 08:55:29 UTC] send_command_form exécutée
[28-Jan-2026 08:56:42 UTC] send_command_form exécutée
[28-Jan-2026 08:56:42 UTC] send_command_form exécutée
[28-Jan-2026 08:58:42 UTC] send_command_form exécutée
[28-Jan-2026 08:58:42 UTC] send_command_form exécutée
[28-Jan-2026 09:00:42 UTC] send_command_form exécutée
[28-Jan-2026 09:00:42 UTC] send_command_form exécutée
[28-Jan-2026 09:02:17 UTC] send_command_form exécutée
[28-Jan-2026 09:02:17 UTC] send_command_form exécutée
[28-Jan-2026 09:02:22 UTC] send_command_form exécutée
[28-Jan-2026 09:02:22 UTC] send_command_form exécutée
[28-Jan-2026 09:02:25 UTC] send_command_form exécutée
[28-Jan-2026 09:02:28 UTC] send_command_form exécutée
[28-Jan-2026 09:02:28 UTC] send_command_form exécutée
[28-Jan-2026 09:02:28 UTC] send_command_form exécutée
[28-Jan-2026 09:02:28 UTC] send_command_form exécutée
[28-Jan-2026 09:02:28 UTC] send_command_form exécutée
[28-Jan-2026 09:02:29 UTC] send_command_form exécutée
[28-Jan-2026 09:02:29 UTC] send_command_form exécutée
[28-Jan-2026 09:02:29 UTC] send_command_form exécutée
[28-Jan-2026 09:02:30 UTC] send_command_form exécutée
[28-Jan-2026 09:02:30 UTC] send_command_form exécutée
[28-Jan-2026 09:02:30 UTC] send_command_form exécutée
[28-Jan-2026 09:02:31 UTC] send_command_form exécutée
[28-Jan-2026 09:02:43 UTC] send_command_form exécutée
[28-Jan-2026 09:02:58 UTC] send_command_form exécutée
[28-Jan-2026 09:02:58 UTC] send_command_form exécutée
[28-Jan-2026 09:03:03 UTC] send_command_form exécutée
[28-Jan-2026 09:03:06 UTC] send_command_form exécutée
[28-Jan-2026 09:03:06 UTC] send_command_form exécutée
[28-Jan-2026 09:03:06 UTC] send_command_form exécutée
[28-Jan-2026 09:03:06 UTC] send_command_form exécutée
[28-Jan-2026 09:03:06 UTC] send_command_form exécutée
[28-Jan-2026 09:03:09 UTC] send_command_form exécutée
[28-Jan-2026 09:03:21 UTC] send_command_form exécutée
[28-Jan-2026 09:03:36 UTC] send_command_form exécutée
[28-Jan-2026 09:03:39 UTC] send_command_form exécutée
[28-Jan-2026 09:03:51 UTC] send_command_form exécutée
[28-Jan-2026 09:03:51 UTC] send_command_form exécutée
[28-Jan-2026 09:03:51 UTC] send_command_form exécutée
[28-Jan-2026 09:03:51 UTC] send_command_form exécutée
[28-Jan-2026 09:03:52 UTC] send_command_form exécutée
[28-Jan-2026 09:03:52 UTC] send_command_form exécutée
[28-Jan-2026 09:03:53 UTC] send_command_form exécutée
[28-Jan-2026 09:03:56 UTC] send_command_form exécutée
[28-Jan-2026 09:03:56 UTC] send_command_form exécutée
[28-Jan-2026 09:04:06 UTC] send_command_form exécutée
[28-Jan-2026 09:04:21 UTC] send_command_form exécutée
[28-Jan-2026 09:04:36 UTC] send_command_form exécutée
[28-Jan-2026 09:04:52 UTC] send_command_form exécutée
[28-Jan-2026 09:04:52 UTC] send_command_form exécutée
[28-Jan-2026 09:04:59 UTC] send_command_form exécutée
[28-Jan-2026 09:05:07 UTC] send_command_form exécutée
[28-Jan-2026 09:05:15 UTC] send_command_form exécutée
[28-Jan-2026 09:05:22 UTC] send_command_form exécutée
[28-Jan-2026 09:05:33 UTC] send_command_form exécutée
[28-Jan-2026 09:05:34 UTC] send_command_form exécutée
[28-Jan-2026 09:05:35 UTC] send_command_form exécutée
[28-Jan-2026 09:05:35 UTC] send_command_form exécutée
[28-Jan-2026 09:05:37 UTC] send_command_form exécutée
[28-Jan-2026 09:05:38 UTC] send_command_form exécutée
[28-Jan-2026 09:05:52 UTC] send_command_form exécutée
[28-Jan-2026 09:05:52 UTC] send_command_form exécutée
[28-Jan-2026 09:06:08 UTC] send_command_form exécutée
[28-Jan-2026 09:06:23 UTC] send_command_form exécutée
[28-Jan-2026 09:06:38 UTC] send_command_form exécutée
[28-Jan-2026 09:06:53 UTC] send_command_form exécutée
[28-Jan-2026 09:06:53 UTC] send_command_form exécutée
[28-Jan-2026 09:07:08 UTC] send_command_form exécutée
[28-Jan-2026 09:08:15 UTC] send_command_form exécutée
[28-Jan-2026 09:08:16 UTC] send_command_form exécutée
[28-Jan-2026 09:08:30 UTC] send_command_form exécutée
[28-Jan-2026 09:08:45 UTC] send_command_form exécutée
[28-Jan-2026 09:09:02 UTC] send_command_form exécutée
[28-Jan-2026 09:09:02 UTC] send_command_form exécutée
[28-Jan-2026 09:09:17 UTC] send_command_form exécutée
[28-Jan-2026 09:09:32 UTC] send_command_form exécutée
[28-Jan-2026 09:09:47 UTC] send_command_form exécutée
[28-Jan-2026 09:10:02 UTC] send_command_form exécutée
[28-Jan-2026 09:10:02 UTC] send_command_form exécutée
[28-Jan-2026 09:10:17 UTC] send_command_form exécutée
[28-Jan-2026 09:10:27 UTC] send_command_form exécutée
[28-Jan-2026 09:10:28 UTC] send_command_form exécutée
[28-Jan-2026 09:10:32 UTC] send_command_form exécutée
[28-Jan-2026 09:10:39 UTC] send_command_form exécutée
[28-Jan-2026 09:10:40 UTC] send_command_form exécutée
[28-Jan-2026 09:10:40 UTC] send_command_form exécutée
[28-Jan-2026 09:10:41 UTC] send_command_form exécutée
[28-Jan-2026 09:10:41 UTC] send_command_form exécutée
[28-Jan-2026 09:10:47 UTC] send_command_form exécutée
[28-Jan-2026 09:12:14 UTC] send_command_form exécutée
[28-Jan-2026 09:12:14 UTC] send_command_form exécutée
[28-Jan-2026 09:12:29 UTC] send_command_form exécutée
[28-Jan-2026 09:12:44 UTC] send_command_form exécutée
[28-Jan-2026 09:13:38 UTC] send_command_form exécutée
[28-Jan-2026 09:13:38 UTC] send_command_form exécutée
[28-Jan-2026 09:13:45 UTC] send_command_form exécutée
[28-Jan-2026 09:14:33 UTC] send_command_form exécutée
[28-Jan-2026 09:14:34 UTC] send_command_form exécutée
[28-Jan-2026 09:14:44 UTC] send_command_form exécutée
[28-Jan-2026 09:15:06 UTC] send_command_form exécutée
[28-Jan-2026 09:15:06 UTC] send_command_form exécutée
[28-Jan-2026 09:15:45 UTC] send_command_form exécutée
[28-Jan-2026 09:15:58 UTC] send_command_form exécutée
[28-Jan-2026 09:15:58 UTC] send_command_form exécutée
[28-Jan-2026 09:16:44 UTC] send_command_form exécutée
[28-Jan-2026 09:18:20 UTC] send_command_form exécutée
[28-Jan-2026 09:18:20 UTC] send_command_form exécutée
[28-Jan-2026 09:18:44 UTC] send_command_form exécutée
[28-Jan-2026 09:19:13 UTC] send_command_form exécutée
[28-Jan-2026 09:19:13 UTC] send_command_form exécutée
[28-Jan-2026 09:20:20 UTC] send_command_form exécutée
[28-Jan-2026 09:20:21 UTC] send_command_form exécutée
[28-Jan-2026 09:20:44 UTC] send_command_form exécutée
[28-Jan-2026 09:21:25 UTC] send_command_form exécutée
[28-Jan-2026 09:21:25 UTC] send_command_form exécutée
[28-Jan-2026 09:21:59 UTC] send_command_form exécutée
[28-Jan-2026 09:21:59 UTC] send_command_form exécutée
[28-Jan-2026 09:22:37 UTC] send_command_form exécutée
[28-Jan-2026 09:22:44 UTC] send_command_form exécutée
[28-Jan-2026 09:22:59 UTC] send_command_form exécutée
[28-Jan-2026 09:22:59 UTC] send_command_form exécutée
[28-Jan-2026 09:23:23 UTC] send_command_form exécutée
[28-Jan-2026 09:23:50 UTC] send_command_form exécutée
[28-Jan-2026 09:23:50 UTC] send_command_form exécutée
[28-Jan-2026 09:24:44 UTC] send_command_form exécutée
[28-Jan-2026 09:24:44 UTC] send_command_form exécutée
[28-Jan-2026 09:26:00 UTC] send_command_form exécutée
[28-Jan-2026 09:26:00 UTC] send_command_form exécutée
[28-Jan-2026 09:26:44 UTC] send_command_form exécutée
[28-Jan-2026 09:27:33 UTC] send_command_form exécutée
[28-Jan-2026 09:27:33 UTC] send_command_form exécutée
[28-Jan-2026 09:27:37 UTC] send_command_form exécutée
[28-Jan-2026 09:28:44 UTC] send_command_form exécutée
[28-Jan-2026 09:28:44 UTC] send_command_form exécutée
[28-Jan-2026 09:29:11 UTC] send_command_form exécutée
[28-Jan-2026 09:29:11 UTC] send_command_form exécutée
[28-Jan-2026 09:29:28 UTC] send_command_form exécutée
[28-Jan-2026 09:29:49 UTC] send_command_form exécutée
[28-Jan-2026 09:29:49 UTC] send_command_form exécutée
[28-Jan-2026 09:30:06 UTC] send_command_form exécutée
[28-Jan-2026 09:30:19 UTC] send_command_form exécutée
[28-Jan-2026 09:30:44 UTC] send_command_form exécutée
[28-Jan-2026 09:31:02 UTC] send_command_form exécutée
[28-Jan-2026 09:31:02 UTC] send_command_form exécutée
[28-Jan-2026 09:31:45 UTC] send_command_form exécutée
[28-Jan-2026 09:32:22 UTC] send_command_form exécutée
[28-Jan-2026 09:32:22 UTC] send_command_form exécutée
[28-Jan-2026 09:32:24 UTC] send_command_form exécutée
[28-Jan-2026 09:32:44 UTC] send_command_form exécutée
[28-Jan-2026 09:33:13 UTC] send_command_form exécutée
[28-Jan-2026 09:33:13 UTC] send_command_form exécutée
[28-Jan-2026 09:34:44 UTC] send_command_form exécutée
[28-Jan-2026 09:34:44 UTC] send_command_form exécutée
[28-Jan-2026 09:35:10 UTC] send_command_form exécutée
[28-Jan-2026 09:35:10 UTC] send_command_form exécutée
[28-Jan-2026 09:35:49 UTC] send_command_form exécutée
[28-Jan-2026 09:35:49 UTC] send_command_form exécutée
[28-Jan-2026 09:36:44 UTC] send_command_form exécutée
[28-Jan-2026 09:38:44 UTC] send_command_form exécutée
[28-Jan-2026 09:38:44 UTC] send_command_form exécutée
[28-Jan-2026 09:40:44 UTC] send_command_form exécutée
[28-Jan-2026 09:40:44 UTC] send_command_form exécutée
[28-Jan-2026 09:40:59 UTC] send_command_form exécutée
[28-Jan-2026 09:40:59 UTC] send_command_form exécutée
[28-Jan-2026 09:40:59 UTC] send_command_form exécutée
[28-Jan-2026 09:41:04 UTC] send_command_form exécutée
[28-Jan-2026 09:41:08 UTC] send_command_form exécutée
[28-Jan-2026 09:41:08 UTC] send_command_form exécutée
[28-Jan-2026 09:42:44 UTC] send_command_form exécutée
[28-Jan-2026 09:42:44 UTC] send_command_form exécutée
[28-Jan-2026 09:42:44 UTC] send_command_form exécutée
[28-Jan-2026 09:44:30 UTC] send_command_form exécutée
[28-Jan-2026 09:44:30 UTC] send_command_form exécutée
[28-Jan-2026 09:44:35 UTC] send_command_form exécutée
[28-Jan-2026 09:44:45 UTC] send_command_form exécutée
[28-Jan-2026 09:44:47 UTC] send_command_form exécutée
[28-Jan-2026 09:44:48 UTC] send_command_form exécutée
[28-Jan-2026 09:44:49 UTC] send_command_form exécutée
[28-Jan-2026 09:44:49 UTC] send_command_form exécutée
[28-Jan-2026 09:44:49 UTC] send_command_form exécutée
[28-Jan-2026 09:44:49 UTC] send_command_form exécutée
[28-Jan-2026 09:44:49 UTC] send_command_form exécutée
[28-Jan-2026 09:44:49 UTC] send_command_form exécutée
[28-Jan-2026 09:44:49 UTC] send_command_form exécutée
[28-Jan-2026 09:44:49 UTC] send_command_form exécutée
[28-Jan-2026 09:44:50 UTC] send_command_form exécutée
[28-Jan-2026 09:44:50 UTC] send_command_form exécutée
[28-Jan-2026 09:44:51 UTC] send_command_form exécutée
[28-Jan-2026 09:45:01 UTC] send_command_form exécutée
[28-Jan-2026 09:47:01 UTC] send_command_form exécutée
[28-Jan-2026 09:47:01 UTC] send_command_form exécutée
[28-Jan-2026 09:49:01 UTC] send_command_form exécutée
[28-Jan-2026 09:49:01 UTC] send_command_form exécutée
[28-Jan-2026 09:51:01 UTC] send_command_form exécutée
[28-Jan-2026 09:51:01 UTC] send_command_form exécutée
[28-Jan-2026 09:53:01 UTC] send_command_form exécutée
[28-Jan-2026 09:53:01 UTC] send_command_form exécutée
[28-Jan-2026 09:55:01 UTC] send_command_form exécutée
[28-Jan-2026 09:55:01 UTC] send_command_form exécutée
[28-Jan-2026 09:57:01 UTC] send_command_form exécutée
[28-Jan-2026 09:57:01 UTC] send_command_form exécutée
[28-Jan-2026 09:59:01 UTC] send_command_form exécutée
[28-Jan-2026 09:59:01 UTC] send_command_form exécutée
[28-Jan-2026 10:01:01 UTC] send_command_form exécutée
[28-Jan-2026 10:01:01 UTC] send_command_form exécutée
[28-Jan-2026 10:03:01 UTC] send_command_form exécutée
[28-Jan-2026 10:03:01 UTC] send_command_form exécutée
[28-Jan-2026 13:23:58 UTC] send_command_form exécutée
[28-Jan-2026 13:23:58 UTC] send_command_form exécutée
[28-Jan-2026 13:25:57 UTC] send_command_form exécutée
[28-Jan-2026 13:25:57 UTC] send_command_form exécutée
[28-Jan-2026 13:27:57 UTC] send_command_form exécutée
[28-Jan-2026 13:27:57 UTC] send_command_form exécutée
[28-Jan-2026 13:29:57 UTC] send_command_form exécutée
[28-Jan-2026 13:29:57 UTC] send_command_form exécutée
[28-Jan-2026 13:31:57 UTC] send_command_form exécutée
[28-Jan-2026 13:31:57 UTC] send_command_form exécutée
[28-Jan-2026 13:33:58 UTC] send_command_form exécutée
[28-Jan-2026 13:33:58 UTC] send_command_form exécutée
[28-Jan-2026 13:35:54 UTC] send_command_form exécutée
[28-Jan-2026 13:35:54 UTC] send_command_form exécutée
[28-Jan-2026 13:36:01 UTC] send_command_form exécutée
[28-Jan-2026 13:36:05 UTC] send_command_form exécutée
[28-Jan-2026 13:37:02 UTC] send_command_form exécutée
[28-Jan-2026 13:37:03 UTC] send_command_form exécutée
[28-Jan-2026 13:39:02 UTC] send_command_form exécutée
[28-Jan-2026 13:39:03 UTC] send_command_form exécutée
[28-Jan-2026 13:41:02 UTC] send_command_form exécutée
[28-Jan-2026 13:41:03 UTC] send_command_form exécutée
[28-Jan-2026 13:43:02 UTC] send_command_form exécutée
[28-Jan-2026 13:43:03 UTC] send_command_form exécutée
[28-Jan-2026 13:45:02 UTC] send_command_form exécutée
[28-Jan-2026 13:45:03 UTC] send_command_form exécutée
[28-Jan-2026 13:57:37 UTC] send_command_form exécutée
[28-Jan-2026 13:57:38 UTC] send_command_form exécutée
[28-Jan-2026 13:58:38 UTC] send_command_form exécutée
[28-Jan-2026 13:58:38 UTC] send_command_form exécutée
[28-Jan-2026 14:00:38 UTC] send_command_form exécutée
[28-Jan-2026 14:00:38 UTC] send_command_form exécutée
[28-Jan-2026 14:02:38 UTC] send_command_form exécutée
[28-Jan-2026 14:02:38 UTC] send_command_form exécutée
[28-Jan-2026 14:04:38 UTC] send_command_form exécutée
[28-Jan-2026 14:04:38 UTC] send_command_form exécutée
[28-Jan-2026 14:06:38 UTC] send_command_form exécutée
[28-Jan-2026 14:06:38 UTC] send_command_form exécutée
[28-Jan-2026 14:18:12 UTC] send_command_form exécutée
[28-Jan-2026 14:18:12 UTC] send_command_form exécutée
[28-Jan-2026 14:18:14 UTC] send_command_form exécutée
[28-Jan-2026 14:18:14 UTC] send_command_form exécutée
[28-Jan-2026 14:18:15 UTC] send_command_form exécutée
[28-Jan-2026 14:18:15 UTC] send_command_form exécutée
[28-Jan-2026 14:19:12 UTC] send_command_form exécutée
[28-Jan-2026 14:19:12 UTC] send_command_form exécutée
[28-Jan-2026 14:21:12 UTC] send_command_form exécutée
[28-Jan-2026 14:21:12 UTC] send_command_form exécutée
[28-Jan-2026 14:23:12 UTC] send_command_form exécutée
[28-Jan-2026 14:23:12 UTC] send_command_form exécutée
[28-Jan-2026 14:25:12 UTC] send_command_form exécutée
[28-Jan-2026 14:25:12 UTC] send_command_form exécutée
[28-Jan-2026 14:27:12 UTC] send_command_form exécutée
[28-Jan-2026 14:27:12 UTC] send_command_form exécutée
[28-Jan-2026 16:02:29 UTC] PHP Warning:  Undefined variable $items in /var/www/planty/html/wp-content/themes/plantyp6child/functions.php on line 127
[28-Jan-2026 16:02:29 UTC] send_command_form exécutée
[28-Jan-2026 16:02:30 UTC] PHP Warning:  Undefined variable $items in /var/www/planty/html/wp-content/themes/plantyp6child/functions.php on line 127
[28-Jan-2026 16:02:30 UTC] send_command_form exécutée
[28-Jan-2026 16:02:31 UTC] Automatic updates starting...
[28-Jan-2026 16:02:32 UTC]   Automatic plugin updates starting...
[28-Jan-2026 16:02:32 UTC]   Automatic plugin updates complete.
[28-Jan-2026 16:02:32 UTC] Automatic updates complete.
[28-Jan-2026 16:13:48 UTC] send_command_form exécutée
[28-Jan-2026 16:13:48 UTC] send_command_form exécutée
[28-Jan-2026 16:14:48 UTC] send_command_form exécutée
[28-Jan-2026 16:14:48 UTC] send_command_form exécutée
[28-Jan-2026 16:16:48 UTC] send_command_form exécutée
[28-Jan-2026 16:16:48 UTC] send_command_form exécutée
[28-Jan-2026 16:18:48 UTC] send_command_form exécutée
[28-Jan-2026 16:18:48 UTC] send_command_form exécutée
[28-Jan-2026 16:20:48 UTC] send_command_form exécutée
[28-Jan-2026 16:20:49 UTC] send_command_form exécutée
[28-Jan-2026 16:22:49 UTC] send_command_form exécutée
[28-Jan-2026 16:22:49 UTC] send_command_form exécutée
[28-Jan-2026 16:26:17 UTC] send_command_form exécutée
[28-Jan-2026 16:26:18 UTC] send_command_form exécutée
[28-Jan-2026 16:27:17 UTC] send_command_form exécutée
[28-Jan-2026 16:27:17 UTC] send_command_form exécutée
[28-Jan-2026 16:29:18 UTC] send_command_form exécutée
[28-Jan-2026 16:29:18 UTC] send_command_form exécutée
[28-Jan-2026 16:31:18 UTC] send_command_form exécutée
[28-Jan-2026 16:31:18 UTC] send_command_form exécutée
[28-Jan-2026 16:33:18 UTC] send_command_form exécutée
[28-Jan-2026 16:33:18 UTC] send_command_form exécutée
[28-Jan-2026 16:35:18 UTC] send_command_form exécutée
[28-Jan-2026 16:35:19 UTC] send_command_form exécutée
[28-Jan-2026 16:39:07 UTC] send_command_form exécutée
[28-Jan-2026 16:39:07 UTC] send_command_form exécutée
[28-Jan-2026 16:39:13 UTC] send_command_form exécutée
[28-Jan-2026 16:39:42 UTC] send_command_form exécutée
[28-Jan-2026 16:39:51 UTC] send_command_form exécutée
[28-Jan-2026 16:39:53 UTC] send_command_form exécutée
[28-Jan-2026 16:39:59 UTC] send_command_form exécutée
[28-Jan-2026 16:40:04 UTC] send_command_form exécutée
[28-Jan-2026 16:40:06 UTC] send_command_form exécutée
[28-Jan-2026 16:40:08 UTC] send_command_form exécutée
[28-Jan-2026 16:41:09 UTC] send_command_form exécutée
[28-Jan-2026 16:41:09 UTC] send_command_form exécutée
[28-Jan-2026 16:42:07 UTC] send_command_form exécutée
[28-Jan-2026 16:42:07 UTC] send_command_form exécutée
[28-Jan-2026 16:42:08 UTC] send_command_form exécutée
[28-Jan-2026 16:42:09 UTC] send_command_form exécutée
[28-Jan-2026 16:42:09 UTC] send_command_form exécutée
[28-Jan-2026 16:42:11 UTC] send_command_form exécutée
[28-Jan-2026 16:42:12 UTC] send_command_form exécutée
[28-Jan-2026 16:42:13 UTC] send_command_form exécutée
[28-Jan-2026 16:42:15 UTC] send_command_form exécutée
[28-Jan-2026 16:42:18 UTC] send_command_form exécutée
[28-Jan-2026 16:42:20 UTC] send_command_form exécutée
[28-Jan-2026 16:42:23 UTC] send_command_form exécutée
[28-Jan-2026 16:42:25 UTC] send_command_form exécutée
[28-Jan-2026 16:42:28 UTC] send_command_form exécutée
[28-Jan-2026 16:42:30 UTC] send_command_form exécutée
[28-Jan-2026 16:42:33 UTC] send_command_form exécutée
[28-Jan-2026 16:42:35 UTC] send_command_form exécutée
[28-Jan-2026 16:42:38 UTC] send_command_form exécutée
[28-Jan-2026 16:42:40 UTC] send_command_form exécutée
[28-Jan-2026 16:42:43 UTC] send_command_form exécutée
[28-Jan-2026 16:42:45 UTC] send_command_form exécutée
[28-Jan-2026 16:42:48 UTC] send_command_form exécutée
[28-Jan-2026 16:42:50 UTC] send_command_form exécutée
[28-Jan-2026 16:42:50 UTC] send_command_form exécutée
[28-Jan-2026 16:42:53 UTC] send_command_form exécutée
[28-Jan-2026 16:42:55 UTC] send_command_form exécutée
[28-Jan-2026 16:42:58 UTC] send_command_form exécutée
[28-Jan-2026 16:43:00 UTC] send_command_form exécutée
[28-Jan-2026 16:43:03 UTC] send_command_form exécutée
[28-Jan-2026 16:43:05 UTC] send_command_form exécutée
[28-Jan-2026 16:43:08 UTC] send_command_form exécutée
[28-Jan-2026 16:43:08 UTC] send_command_form exécutée
[28-Jan-2026 16:43:10 UTC] send_command_form exécutée
[28-Jan-2026 16:43:13 UTC] send_command_form exécutée
[28-Jan-2026 16:43:15 UTC] send_command_form exécutée
[28-Jan-2026 16:43:18 UTC] send_command_form exécutée
[28-Jan-2026 16:43:20 UTC] send_command_form exécutée
[28-Jan-2026 16:43:23 UTC] send_command_form exécutée
[28-Jan-2026 16:43:25 UTC] send_command_form exécutée
[28-Jan-2026 16:43:28 UTC] send_command_form exécutée
[28-Jan-2026 16:43:30 UTC] send_command_form exécutée
[28-Jan-2026 16:44:08 UTC] send_command_form exécutée
[28-Jan-2026 16:44:08 UTC] send_command_form exécutée
[28-Jan-2026 16:45:32 UTC] send_command_form exécutée
[28-Jan-2026 16:46:09 UTC] send_command_form exécutée
[28-Jan-2026 16:46:09 UTC] send_command_form exécutée
[28-Jan-2026 16:46:09 UTC] send_command_form exécutée
[28-Jan-2026 16:47:33 UTC] send_command_form exécutée
[28-Jan-2026 16:47:33 UTC] send_command_form exécutée
[28-Jan-2026 16:47:33 UTC] send_command_form exécutée
[28-Jan-2026 16:47:33 UTC] send_command_form exécutée
[28-Jan-2026 16:47:33 UTC] send_command_form exécutée
[28-Jan-2026 16:47:36 UTC] send_command_form exécutée
[28-Jan-2026 16:47:44 UTC] send_command_form exécutée
[28-Jan-2026 16:47:53 UTC] send_command_form exécutée
[28-Jan-2026 16:47:53 UTC] send_command_form exécutée
[28-Jan-2026 16:48:01 UTC] send_command_form exécutée
[28-Jan-2026 16:48:05 UTC] send_command_form exécutée
[28-Jan-2026 16:48:07 UTC] send_command_form exécutée
[28-Jan-2026 16:48:12 UTC] send_command_form exécutée
[28-Jan-2026 16:48:13 UTC] send_command_form exécutée
[28-Jan-2026 16:49:14 UTC] send_command_form exécutée
[28-Jan-2026 16:49:14 UTC] send_command_form exécutée
[28-Jan-2026 16:49:14 UTC] Erreur d’événement de replanification de tâche pour le crochet action_scheduler_run_queue. Code d’erreur : invalid_schedule. Message d’erreur : L’évènement planifié n’existe pas.. Données : {"schedule":"every_minute","args":["WP Cron"],"interval":60}
[28-Jan-2026 16:50:15 UTC] send_command_form exécutée
[28-Jan-2026 16:52:15 UTC] send_command_form exécutée
[28-Jan-2026 16:54:15 UTC] send_command_form exécutée
[28-Jan-2026 16:56:15 UTC] send_command_form exécutée
[28-Jan-2026 16:58:15 UTC] send_command_form exécutée
[28-Jan-2026 17:07:01 UTC] send_command_form exécutée
[28-Jan-2026 17:07:06 UTC] send_command_form exécutée
[28-Jan-2026 17:08:07 UTC] send_command_form exécutée
[28-Jan-2026 17:09:11 UTC] send_command_form exécutée
[28-Jan-2026 17:09:11 UTC] send_command_form exécutée
[28-Jan-2026 18:17:08 UTC] send_command_form exécutée
[28-Jan-2026 18:17:08 UTC] send_command_form exécutée
[28-Jan-2026 18:17:08 UTC] send_command_form exécutée
[28-Jan-2026 18:53:49 UTC] send_command_form exécutée
[28-Jan-2026 18:53:49 UTC] send_command_form exécutée
[28-Jan-2026 18:54:10 UTC] send_command_form exécutée
[28-Jan-2026 18:54:10 UTC] send_command_form exécutée
[28-Jan-2026 18:54:11 UTC] send_command_form exécutée
[28-Jan-2026 18:54:16 UTC] send_command_form exécutée
[28-Jan-2026 18:54:16 UTC] send_command_form exécutée
[28-Jan-2026 18:54:17 UTC] send_command_form exécutée
[28-Jan-2026 18:54:17 UTC] send_command_form exécutée
[28-Jan-2026 18:54:35 UTC] send_command_form exécutée
[28-Jan-2026 18:55:21 UTC] send_command_form exécutée
[28-Jan-2026 18:55:23 UTC] send_command_form exécutée
[28-Jan-2026 18:55:23 UTC] send_command_form exécutée
[28-Jan-2026 18:55:27 UTC] send_command_form exécutée
[28-Jan-2026 18:55:53 UTC] send_command_form exécutée
[28-Jan-2026 18:55:53 UTC] send_command_form exécutée
[28-Jan-2026 18:56:24 UTC] send_command_form exécutée
[28-Jan-2026 18:56:25 UTC] send_command_form exécutée
[28-Jan-2026 18:56:26 UTC] send_command_form exécutée
[28-Jan-2026 18:56:39 UTC] send_command_form exécutée
[28-Jan-2026 18:56:53 UTC] send_command_form exécutée
[28-Jan-2026 18:57:54 UTC] send_command_form exécutée
[28-Jan-2026 18:57:54 UTC] send_command_form exécutée
[28-Jan-2026 18:57:55 UTC] send_command_form exécutée
[28-Jan-2026 18:58:00 UTC] send_command_form exécutée
[28-Jan-2026 18:58:54 UTC] send_command_form exécutée
[28-Jan-2026 19:00:54 UTC] send_command_form exécutée
[28-Jan-2026 19:00:55 UTC] send_command_form exécutée
[28-Jan-2026 19:02:54 UTC] send_command_form exécutée
[28-Jan-2026 19:02:55 UTC] send_command_form exécutée
[28-Jan-2026 19:03:54 UTC] send_command_form exécutée
[28-Jan-2026 19:03:55 UTC] send_command_form exécutée
[28-Jan-2026 19:04:54 UTC] send_command_form exécutée
[28-Jan-2026 19:04:55 UTC] send_command_form exécutée
[28-Jan-2026 19:05:54 UTC] send_command_form exécutée
[28-Jan-2026 19:05:55 UTC] send_command_form exécutée
[28-Jan-2026 19:06:54 UTC] send_command_form exécutée
[28-Jan-2026 19:06:55 UTC] send_command_form exécutée
[28-Jan-2026 19:08:14 UTC] send_command_form exécutée
[28-Jan-2026 19:08:14 UTC] send_command_form exécutée
[28-Jan-2026 19:09:14 UTC] send_command_form exécutée
[28-Jan-2026 19:09:14 UTC] send_command_form exécutée
[28-Jan-2026 19:10:14 UTC] send_command_form exécutée
[28-Jan-2026 19:10:14 UTC] send_command_form exécutée
[28-Jan-2026 19:11:14 UTC] send_command_form exécutée
[28-Jan-2026 19:11:14 UTC] send_command_form exécutée
[28-Jan-2026 19:13:14 UTC] send_command_form exécutée
[28-Jan-2026 19:13:14 UTC] send_command_form exécutée
[28-Jan-2026 19:15:14 UTC] send_command_form exécutée
[28-Jan-2026 19:15:14 UTC] send_command_form exécutée
[28-Jan-2026 19:17:14 UTC] send_command_form exécutée
[28-Jan-2026 19:17:14 UTC] send_command_form exécutée
[28-Jan-2026 19:19:14 UTC] send_command_form exécutée
[28-Jan-2026 19:19:14 UTC] send_command_form exécutée
[28-Jan-2026 19:21:14 UTC] send_command_form exécutée
[28-Jan-2026 19:21:15 UTC] send_command_form exécutée
[28-Jan-2026 19:21:39 UTC] send_command_form exécutée
[28-Jan-2026 19:21:39 UTC] send_command_form exécutée
[29-Jan-2026 07:09:18 UTC] send_command_form exécutée
[29-Jan-2026 07:09:19 UTC] send_command_form exécutée
[29-Jan-2026 07:09:19 UTC] send_command_form exécutée
[29-Jan-2026 07:09:20 UTC] Automatic updates starting...
[29-Jan-2026 07:09:21 UTC]   Automatic plugin updates starting...
[29-Jan-2026 07:09:21 UTC]   Automatic plugin updates complete.
[29-Jan-2026 07:09:22 UTC] Automatic updates complete.
[29-Jan-2026 07:29:12 UTC] send_command_form exécutée
[29-Jan-2026 07:29:12 UTC] send_command_form exécutée
[29-Jan-2026 07:29:12 UTC] send_command_form exécutée
[29-Jan-2026 07:47:56 UTC] send_command_form exécutée
[29-Jan-2026 07:47:56 UTC] send_command_form exécutée
[29-Jan-2026 07:47:56 UTC] send_command_form exécutée
[29-Jan-2026 07:55:45 UTC] send_command_form exécutée
[29-Jan-2026 07:55:45 UTC] send_command_form exécutée
[29-Jan-2026 07:55:53 UTC] send_command_form exécutée
[29-Jan-2026 08:47:13 UTC] send_command_form exécutée
[29-Jan-2026 08:47:13 UTC] send_command_form exécutée
[29-Jan-2026 08:47:13 UTC] send_command_form exécutée
[29-Jan-2026 09:25:03 UTC] send_command_form exécutée
[29-Jan-2026 09:25:04 UTC] send_command_form exécutée
[29-Jan-2026 09:25:04 UTC] send_command_form exécutée
[29-Jan-2026 16:03:50 UTC] send_command_form exécutée
[29-Jan-2026 16:03:50 UTC] send_command_form exécutée
[29-Jan-2026 16:03:50 UTC] send_command_form exécutée
[29-Jan-2026 16:03:51 UTC] Automatic updates starting...
[29-Jan-2026 16:03:51 UTC]   Automatic plugin updates starting...
[29-Jan-2026 16:03:51 UTC]   Automatic plugin updates complete.
[29-Jan-2026 16:03:52 UTC] Automatic updates complete.
[29-Jan-2026 16:04:09 UTC] send_command_form exécutée
[29-Jan-2026 16:04:09 UTC] send_command_form exécutée
[29-Jan-2026 16:04:09 UTC] send_command_form exécutée
[29-Jan-2026 16:04:16 UTC] send_command_form exécutée
[29-Jan-2026 16:04:29 UTC] send_command_form exécutée
[29-Jan-2026 16:04:29 UTC] send_command_form exécutée
[29-Jan-2026 16:04:35 UTC] send_command_form exécutée
[29-Jan-2026 16:04:36 UTC] send_command_form exécutée
[29-Jan-2026 16:04:39 UTC] send_command_form exécutée
[29-Jan-2026 16:04:39 UTC] send_command_form exécutée
[29-Jan-2026 16:04:51 UTC] send_command_form exécutée
[29-Jan-2026 16:04:56 UTC] send_command_form exécutée
[29-Jan-2026 16:05:31 UTC] send_command_form exécutée
[29-Jan-2026 16:05:31 UTC] send_command_form exécutée
[29-Jan-2026 16:05:57 UTC] send_command_form exécutée
[29-Jan-2026 16:06:01 UTC] send_command_form exécutée
[29-Jan-2026 16:06:03 UTC] send_command_form exécutée
[29-Jan-2026 16:06:11 UTC] send_command_form exécutée
[29-Jan-2026 16:06:11 UTC] send_command_form exécutée
[29-Jan-2026 16:06:24 UTC] send_command_form exécutée
[29-Jan-2026 16:06:24 UTC] send_command_form exécutée
[29-Jan-2026 16:06:24 UTC] send_command_form exécutée
[29-Jan-2026 16:06:40 UTC] send_command_form exécutée
[29-Jan-2026 16:07:00 UTC] send_command_form exécutée
[29-Jan-2026 16:07:00 UTC] send_command_form exécutée
[29-Jan-2026 16:07:18 UTC] send_command_form exécutée
[29-Jan-2026 18:03:38 UTC] send_command_form exécutée
[29-Jan-2026 18:03:39 UTC] send_command_form exécutée
[29-Jan-2026 18:03:39 UTC] send_command_form exécutée
[29-Jan-2026 18:04:10 UTC] send_command_form exécutée
[29-Jan-2026 18:04:10 UTC] send_command_form exécutée
[29-Jan-2026 18:04:10 UTC] send_command_form exécutée
[29-Jan-2026 18:04:14 UTC] send_command_form exécutée
[29-Jan-2026 18:04:14 UTC] send_command_form exécutée
[29-Jan-2026 18:04:48 UTC] send_command_form exécutée
[29-Jan-2026 18:04:48 UTC] send_command_form exécutée
[29-Jan-2026 18:04:59 UTC] send_command_form exécutée
[29-Jan-2026 18:05:00 UTC] send_command_form exécutée
[29-Jan-2026 18:05:01 UTC] send_command_form exécutée
[29-Jan-2026 18:05:01 UTC] send_command_form exécutée
[29-Jan-2026 18:05:01 UTC] send_command_form exécutée
[29-Jan-2026 18:05:01 UTC] send_command_form exécutée
[29-Jan-2026 18:05:01 UTC] send_command_form exécutée
[29-Jan-2026 18:05:01 UTC] send_command_form exécutée
[29-Jan-2026 18:05:01 UTC] send_command_form exécutée
[29-Jan-2026 18:05:03 UTC] send_command_form exécutée
[29-Jan-2026 18:05:03 UTC] send_command_form exécutée
[29-Jan-2026 18:05:04 UTC] send_command_form exécutée
[29-Jan-2026 18:05:07 UTC] send_command_form exécutée
[29-Jan-2026 18:05:07 UTC] send_command_form exécutée
[29-Jan-2026 18:05:07 UTC] send_command_form exécutée
[29-Jan-2026 18:05:07 UTC] send_command_form exécutée
[29-Jan-2026 18:05:07 UTC] send_command_form exécutée
[29-Jan-2026 18:05:07 UTC] send_command_form exécutée
[29-Jan-2026 18:05:07 UTC] send_command_form exécutée
[29-Jan-2026 18:05:07 UTC] send_command_form exécutée
[29-Jan-2026 18:05:09 UTC] send_command_form exécutée
[29-Jan-2026 18:05:09 UTC] send_command_form exécutée
[29-Jan-2026 18:05:09 UTC] send_command_form exécutée
[29-Jan-2026 18:05:10 UTC] send_command_form exécutée
[29-Jan-2026 18:05:22 UTC] send_command_form exécutée
[29-Jan-2026 18:05:22 UTC] send_command_form exécutée
[29-Jan-2026 18:05:37 UTC] send_command_form exécutée
[29-Jan-2026 18:05:52 UTC] send_command_form exécutée
[29-Jan-2026 18:06:07 UTC] send_command_form exécutée
[29-Jan-2026 18:06:22 UTC] send_command_form exécutée
[29-Jan-2026 18:06:22 UTC] send_command_form exécutée
[29-Jan-2026 18:06:37 UTC] send_command_form exécutée
[29-Jan-2026 18:06:41 UTC] send_command_form exécutée
[29-Jan-2026 18:06:52 UTC] send_command_form exécutée
[29-Jan-2026 18:07:07 UTC] send_command_form exécutée
[29-Jan-2026 18:07:22 UTC] send_command_form exécutée
[29-Jan-2026 18:07:22 UTC] send_command_form exécutée
[29-Jan-2026 18:07:31 UTC] send_command_form exécutée
[29-Jan-2026 18:07:32 UTC] send_command_form exécutée
[29-Jan-2026 18:07:33 UTC] send_command_form exécutée
[29-Jan-2026 18:07:33 UTC] send_command_form exécutée
[29-Jan-2026 18:07:33 UTC] send_command_form exécutée
[29-Jan-2026 18:07:37 UTC] send_command_form exécutée
[29-Jan-2026 18:07:37 UTC] send_command_form exécutée
[29-Jan-2026 18:09:38 UTC] send_command_form exécutée
[29-Jan-2026 18:09:38 UTC] send_command_form exécutée
[29-Jan-2026 18:11:38 UTC] send_command_form exécutée
[29-Jan-2026 18:11:38 UTC] send_command_form exécutée
[29-Jan-2026 18:13:38 UTC] send_command_form exécutée
[29-Jan-2026 18:13:38 UTC] send_command_form exécutée
[29-Jan-2026 18:13:43 UTC] send_command_form exécutée
[29-Jan-2026 18:13:43 UTC] send_command_form exécutée
[29-Jan-2026 18:14:20 UTC] send_command_form exécutée
[29-Jan-2026 18:15:23 UTC] send_command_form exécutée
[29-Jan-2026 18:15:23 UTC] send_command_form exécutée
[29-Jan-2026 18:15:27 UTC] send_command_form exécutée
[29-Jan-2026 18:15:39 UTC] send_command_form exécutée
[29-Jan-2026 18:15:48 UTC] send_command_form exécutée
[29-Jan-2026 18:15:48 UTC] send_command_form exécutée
[29-Jan-2026 18:16:03 UTC] send_command_form exécutée
[29-Jan-2026 18:16:05 UTC] send_command_form exécutée
[29-Jan-2026 18:16:30 UTC] send_command_form exécutée
[29-Jan-2026 18:16:30 UTC] send_command_form exécutée
[29-Jan-2026 18:17:39 UTC] send_command_form exécutée
[29-Jan-2026 18:17:39 UTC] send_command_form exécutée
[29-Jan-2026 18:18:20 UTC] send_command_form exécutée
[29-Jan-2026 18:18:27 UTC] send_command_form exécutée
[29-Jan-2026 18:18:27 UTC] send_command_form exécutée
[29-Jan-2026 18:18:27 UTC] send_command_form exécutée
[29-Jan-2026 18:18:35 UTC] send_command_form exécutée
[29-Jan-2026 18:18:35 UTC] send_command_form exécutée
[29-Jan-2026 18:19:39 UTC] send_command_form exécutée
[29-Jan-2026 18:19:39 UTC] send_command_form exécutée
[29-Jan-2026 18:19:39 UTC] send_command_form exécutée
[29-Jan-2026 18:21:39 UTC] send_command_form exécutée
[29-Jan-2026 18:21:39 UTC] send_command_form exécutée
[29-Jan-2026 18:23:40 UTC] send_command_form exécutée
[29-Jan-2026 18:23:40 UTC] send_command_form exécutée
[29-Jan-2026 18:25:40 UTC] send_command_form exécutée
[29-Jan-2026 18:25:40 UTC] send_command_form exécutée
[29-Jan-2026 18:26:15 UTC] send_command_form exécutée
[29-Jan-2026 18:26:15 UTC] send_command_form exécutée
[29-Jan-2026 18:26:16 UTC] send_command_form exécutée
[29-Jan-2026 18:26:18 UTC] send_command_form exécutée
[29-Jan-2026 18:26:22 UTC] send_command_form exécutée
[29-Jan-2026 18:26:22 UTC] send_command_form exécutée
[29-Jan-2026 18:26:24 UTC] send_command_form exécutée
[29-Jan-2026 18:26:30 UTC] send_command_form exécutée
[29-Jan-2026 18:26:35 UTC] send_command_form exécutée
[29-Jan-2026 18:26:36 UTC] send_command_form exécutée
[29-Jan-2026 18:26:36 UTC] send_command_form exécutée
[29-Jan-2026 18:26:36 UTC] send_command_form exécutée
[29-Jan-2026 18:26:37 UTC] send_command_form exécutée
[29-Jan-2026 18:26:37 UTC] send_command_form exécutée
[29-Jan-2026 18:26:37 UTC] send_command_form exécutée
[29-Jan-2026 18:26:37 UTC] send_command_form exécutée
[29-Jan-2026 18:26:37 UTC] send_command_form exécutée
[29-Jan-2026 18:26:37 UTC] send_command_form exécutée
[29-Jan-2026 18:26:37 UTC] send_command_form exécutée
[29-Jan-2026 18:26:38 UTC] send_command_form exécutée
[29-Jan-2026 18:26:48 UTC] send_command_form exécutée
[29-Jan-2026 18:26:59 UTC] send_command_form exécutée
[29-Jan-2026 18:27:09 UTC] send_command_form exécutée
[29-Jan-2026 18:27:19 UTC] send_command_form exécutée
[29-Jan-2026 18:29:19 UTC] send_command_form exécutée
[29-Jan-2026 18:29:19 UTC] send_command_form exécutée
[29-Jan-2026 18:31:19 UTC] send_command_form exécutée
[29-Jan-2026 18:31:19 UTC] send_command_form exécutée
[29-Jan-2026 18:33:19 UTC] send_command_form exécutée
[29-Jan-2026 18:33:19 UTC] send_command_form exécutée
[29-Jan-2026 18:35:19 UTC] send_command_form exécutée
[29-Jan-2026 18:35:20 UTC] send_command_form exécutée
[29-Jan-2026 18:37:19 UTC] send_command_form exécutée
[29-Jan-2026 18:37:19 UTC] send_command_form exécutée
[29-Jan-2026 18:53:45 UTC] send_command_form exécutée
[29-Jan-2026 18:53:45 UTC] send_command_form exécutée
[29-Jan-2026 18:53:55 UTC] send_command_form exécutée
[29-Jan-2026 18:55:30 UTC] send_command_form exécutée
[29-Jan-2026 18:55:30 UTC] send_command_form exécutée
[29-Jan-2026 18:55:40 UTC] send_command_form exécutée
[29-Jan-2026 18:56:28 UTC] send_command_form exécutée
[29-Jan-2026 18:56:28 UTC] send_command_form exécutée
[29-Jan-2026 18:56:38 UTC] send_command_form exécutée
[29-Jan-2026 18:57:57 UTC] send_command_form exécutée
[29-Jan-2026 18:57:57 UTC] send_command_form exécutée
[29-Jan-2026 18:57:58 UTC] send_command_form exécutée
[29-Jan-2026 18:58:02 UTC] send_command_form exécutée
[29-Jan-2026 18:58:07 UTC] send_command_form exécutée
[29-Jan-2026 18:58:17 UTC] send_command_form exécutée
[29-Jan-2026 18:59:42 UTC] send_command_form exécutée
[29-Jan-2026 18:59:42 UTC] send_command_form exécutée
[29-Jan-2026 18:59:52 UTC] send_command_form exécutée
[29-Jan-2026 19:01:46 UTC] send_command_form exécutée
[29-Jan-2026 19:01:46 UTC] send_command_form exécutée
[29-Jan-2026 19:01:56 UTC] send_command_form exécutée
[29-Jan-2026 19:02:25 UTC] send_command_form exécutée
[29-Jan-2026 19:02:25 UTC] send_command_form exécutée
[29-Jan-2026 19:02:35 UTC] send_command_form exécutée
[29-Jan-2026 19:02:45 UTC] send_command_form exécutée
[29-Jan-2026 19:02:55 UTC] send_command_form exécutée
[29-Jan-2026 19:04:16 UTC] send_command_form exécutée
[29-Jan-2026 19:04:16 UTC] send_command_form exécutée
[29-Jan-2026 19:04:24 UTC] send_command_form exécutée
[29-Jan-2026 19:04:24 UTC] send_command_form exécutée
[29-Jan-2026 19:04:41 UTC] send_command_form exécutée
[29-Jan-2026 19:04:55 UTC] send_command_form exécutée
[29-Jan-2026 19:04:56 UTC] send_command_form exécutée
[29-Jan-2026 19:05:07 UTC] send_command_form exécutée
[29-Jan-2026 19:05:07 UTC] send_command_form exécutée
[29-Jan-2026 19:06:55 UTC] send_command_form exécutée
[29-Jan-2026 19:06:55 UTC] send_command_form exécutée
[29-Jan-2026 19:07:17 UTC] send_command_form exécutée
[29-Jan-2026 19:07:22 UTC] send_command_form exécutée
[29-Jan-2026 19:07:22 UTC] send_command_form exécutée
[29-Jan-2026 19:07:36 UTC] send_command_form exécutée
[29-Jan-2026 19:07:39 UTC] send_command_form exécutée
[29-Jan-2026 19:08:34 UTC] send_command_form exécutée
[29-Jan-2026 19:08:34 UTC] send_command_form exécutée
[29-Jan-2026 19:08:37 UTC] send_command_form exécutée
[29-Jan-2026 19:08:41 UTC] send_command_form exécutée
[29-Jan-2026 19:08:47 UTC] send_command_form exécutée
[29-Jan-2026 19:08:49 UTC] send_command_form exécutée
[29-Jan-2026 19:08:55 UTC] send_command_form exécutée
[29-Jan-2026 19:09:38 UTC] send_command_form exécutée
[29-Jan-2026 19:09:38 UTC] send_command_form exécutée
[29-Jan-2026 19:09:38 UTC] send_command_form exécutée
[29-Jan-2026 19:10:55 UTC] send_command_form exécutée
[29-Jan-2026 19:10:55 UTC] send_command_form exécutée
[29-Jan-2026 19:12:55 UTC] send_command_form exécutée
[29-Jan-2026 19:12:55 UTC] send_command_form exécutée
[29-Jan-2026 19:32:29 UTC] send_command_form exécutée
[29-Jan-2026 19:32:29 UTC] send_command_form exécutée
[29-Jan-2026 19:32:34 UTC] send_command_form exécutée
[29-Jan-2026 19:32:35 UTC] send_command_form exécutée
[29-Jan-2026 19:32:37 UTC] send_command_form exécutée
[29-Jan-2026 19:32:38 UTC] send_command_form exécutée
[29-Jan-2026 19:33:03 UTC] send_command_form exécutée
[29-Jan-2026 19:34:03 UTC] send_command_form exécutée
[29-Jan-2026 19:34:04 UTC] send_command_form exécutée
[29-Jan-2026 19:36:03 UTC] send_command_form exécutée
[29-Jan-2026 19:36:04 UTC] send_command_form exécutée
[29-Jan-2026 19:37:55 UTC] send_command_form exécutée
[29-Jan-2026 19:37:55 UTC] send_command_form exécutée
[30-Jan-2026 07:27:43 UTC] Automatic updates starting...
[30-Jan-2026 07:27:44 UTC]   Automatic plugin updates starting...
[30-Jan-2026 07:27:44 UTC]   Automatic plugin updates complete.
[30-Jan-2026 07:27:45 UTC] Automatic updates complete.
[30-Jan-2026 07:35:48 UTC] send_command_form exécutée
[30-Jan-2026 07:36:03 UTC] send_command_form exécutée
[30-Jan-2026 07:36:32 UTC] send_command_form exécutée
[30-Jan-2026 07:36:34 UTC] send_command_form exécutée
[30-Jan-2026 07:36:34 UTC] send_command_form exécutée
[30-Jan-2026 07:36:34 UTC] send_command_form exécutée
[30-Jan-2026 07:36:34 UTC] send_command_form exécutée
[30-Jan-2026 07:36:34 UTC] send_command_form exécutée
[30-Jan-2026 07:36:34 UTC] send_command_form exécutée
[30-Jan-2026 07:36:40 UTC] send_command_form exécutée
[30-Jan-2026 07:36:51 UTC] send_command_form exécutée
[30-Jan-2026 07:37:25 UTC] send_command_form exécutée
[30-Jan-2026 07:37:25 UTC] send_command_form exécutée
[30-Jan-2026 07:38:22 UTC] send_command_form exécutée
[30-Jan-2026 07:38:22 UTC] send_command_form exécutée
[30-Jan-2026 07:38:31 UTC] send_command_form exécutée
[30-Jan-2026 07:38:35 UTC] send_command_form exécutée
[30-Jan-2026 07:38:41 UTC] send_command_form exécutée
[30-Jan-2026 07:38:41 UTC] send_command_form exécutée
[30-Jan-2026 07:38:48 UTC] send_command_form exécutée
[30-Jan-2026 07:38:48 UTC] send_command_form exécutée
[30-Jan-2026 07:39:24 UTC] send_command_form exécutée
[30-Jan-2026 07:39:24 UTC] send_command_form exécutée
[30-Jan-2026 07:39:24 UTC] send_command_form exécutée
